LogID;UserID;Time;TouchID;TouchX;TouchY;TouchDeltaX;TouchDeltaY;FirstTouchX;FirstTouchY
0;11;0.9692383;0;49.33136;60.28604;0;0;49.33136;60.28604
1;11;0.9882813;0;49.45359;60.40826;0.1222229;0.1222191;49.33136;60.28604
2;11;1.005371;0;49.5562;60.51087;0.1026115;0.1026154;49.33136;60.28604
3;11;1.021484;0;49.54339;60.61444;-0.01280975;0.1035728;49.33136;60.28604
4;11;1.430176;1;89.89899;57.8124;0;0;89.89899;57.8124
5;11;1.440918;1;89.89899;57.8124;0;0;89.89899;57.8124
6;11;1.460938;1;90.21703;58.02443;0.3180313;0.2120285;89.89899;57.8124
7;11;1.475586;1;90.60629;58.23681;0.389267;0.2123833;89.89899;57.8124
8;11;1.491699;1;90.7104;58.34111;0.1041107;0.1043053;89.89899;57.8124
9;11;1.812012;2;87.77873;97.17854;0;0;87.77873;97.17854
10;11;1.830566;2;87.77873;97.17854;0;0;87.77873;97.17854
11;11;1.844727;2;87.92489;97.25403;0.1461563;0.07548523;87.77873;97.17854
12;11;1.861328;2;88.13211;97.35523;0.207222;0.1012039;87.77873;97.17854
13;11;1.878906;2;88.20264;97.39057;0.07053375;0.03533936;87.77873;97.17854
14;11;3.510254;3;90.60574;20.35449;0;0;90.60574;20.35449
15;11;3.525879;3;90.68911;20.35449;0.08336639;0;90.60574;20.35449
16;11;3.54248;3;90.74709;20.40021;0.0579834;0.04571724;90.60574;20.35449
17;11;3.55957;3;90.74709;20.50285;0;0.1026478;90.60574;20.35449
18;11;3.577637;3;90.6659;20.93187;-0.08119202;0.4290199;90.60574;20.35449
19;11;3.91748;4;89.40426;59.64996;0;0;89.40426;59.64996
20;11;3.929199;4;89.40426;59.64996;0;0;89.40426;59.64996
21;11;3.946289;4;89.61519;59.76738;0.2109299;0.1174202;89.40426;59.64996
22;11;3.962402;4;89.84459;59.87012;0.2294006;0.1027374;89.40426;59.64996
23;11;3.97998;4;89.94051;59.86198;0.09592438;-0.008140564;89.40426;59.64996
24;11;4.282227;5;46.00962;55.90417;0;0;46.00962;55.90417
25;11;4.299316;5;46.10352;55.99807;0.09389496;0.09389496;46.00962;55.90417
26;11;4.316895;5;46.20725;56.10179;0.1037292;0.1037216;46.00962;55.90417
27;11;4.332031;5;46.31018;56.20473;0.102932;0.1029396;46.00962;55.90417
28;11;5.87207;6;92.79668;17.10342;0;0;92.79668;17.10342
29;11;5.882324;6;92.79668;17.10342;0;0;92.79668;17.10342
30;11;5.896484;6;92.86736;17.25524;0.07067871;0.1518154;92.79668;17.10342
31;11;5.916504;6;92.69493;17.57409;-0.1724243;0.3188496;92.79668;17.10342
32;11;6.181641;7;88.69751;58.51916;0;0;88.69751;58.51916
33;11;6.201172;7;88.89863;58.61971;0.2011185;0.1005554;88.69751;58.51916
34;11;6.215332;7;89.17443;58.85472;0.2758026;0.2350082;88.69751;58.51916
35;11;6.234375;7;89.28716;58.96745;0.1127243;0.1127319;88.69751;58.51916
36;11;6.472168;8;88.34413;94.98761;0;0;88.34413;94.98761
37;11;6.483398;8;88.34413;94.98761;0;0;88.34413;94.98761
38;11;6.501953;8;88.46619;95.16103;0.1220551;0.1734238;88.34413;94.98761
39;11;6.52002;8;88.56953;95.28369;0.1033478;0.1226578;88.34413;94.98761
40;11;8.222168;9;129.9719;59.08456;0;0;129.9719;59.08456
41;11;8.233398;9;129.9719;59.08456;0;0;129.9719;59.08456
42;11;8.250977;9;130.0662;59.17889;0.09434509;0.09432983;129.9719;59.08456
43;11;8.266602;9;130.1132;59.28236;0.04701233;0.103466;129.9719;59.08456
44;11;8.282227;9;130.1132;59.38555;0;0.1031914;129.9719;59.08456
45;11;8.600586;10;86.01185;55.83349;0;0;86.01185;55.83349
46;11;8.621582;10;86.11605;55.93769;0.1042023;0.1042023;86.01185;55.83349
47;11;8.637695;10;86.29066;56.04163;0.174614;0.1039352;86.01185;55.83349
48;11;8.651855;10;86.39379;56.14476;0.1031265;0.1031265;86.01185;55.83349
49;11;8.904785;11;49.96745;55.83349;0;0;49.96745;55.83349
50;11;8.921387;11;49.96745;55.83349;0;0;49.96745;55.83349
51;11;8.939941;11;49.96745;55.9911;0;0.1576042;49.96745;55.83349
52;11;8.955566;11;49.96745;56.09506;0;0.1039658;49.96745;55.83349
53;11;10.42432;12;89.68697;13.92304;0;0;89.68697;13.92304
54;11;10.43359;12;89.68697;13.92304;0;0;89.68697;13.92304
55;11;10.4502;12;89.75764;14.0337;0.07067108;0.1106625;89.68697;13.92304
56;11;10.46777;12;89.75764;14.13703;0;0.1033306;89.68697;13.92304
57;11;10.48389;12;89.54752;14.87047;-0.2101212;0.7334461;89.68697;13.92304
58;11;10.68555;13;87.21333;55.76282;0;0;87.21333;55.76282
59;11;10.70361;13;87.41355;55.96304;0.2002258;0.200222;87.21333;55.76282
60;11;10.7207;13;87.88625;56.30285;0.472702;0.3398056;87.21333;55.76282
61;11;10.73633;13;88.20535;56.61349;0.3190994;0.3106461;87.21333;55.76282
62;11;10.9751;14;87.14265;97.39057;0;0;87.14265;97.39057
63;11;10.98779;14;87.14265;97.39057;0;0;87.14265;97.39057
64;11;11.00586;14;87.31436;97.51177;0.1717072;0.1212006;87.14265;97.39057
65;11;11.02148;14;87.43793;97.61517;0.1235657;0.1034012;87.14265;97.39057
66;11;12.7373;15;52.29972;53.07716;0;0;52.29972;53.07716
67;11;12.75293;15;52.29972;53.07716;0;0;52.29972;53.07716
68;11;12.76904;15;52.3704;53.22525;0.07067871;0.1480942;52.29972;53.07716
69;11;12.78613;15;52.3704;53.22525;0;0;52.29972;53.07716
70;11;13.13818;16;92.37263;56.3989;0;0;92.37263;56.3989
71;11;13.15674;16;92.53115;56.55741;0.1585236;0.1585159;92.37263;56.3989
72;11;13.17285;16;92.66079;56.7632;0.1296387;0.2057838;92.37263;56.3989
73;11;13.18994;16;92.76134;56.9643;0.1005554;0.2011032;92.37263;56.3989
74;11;13.44141;17;90.18169;14.48844;0;0;90.18169;14.48844
75;11;13.45898;17;90.18169;14.48844;0;0;90.18169;14.48844
76;11;13.47461;17;90.35002;14.48844;0.1683273;0;90.18169;14.48844
77;11;13.49268;17;90.39371;14.48844;0.04369354;0;90.18169;14.48844
78;11;13.5083;17;90.39371;14.48844;0;0;90.18169;14.48844
79;11;15.0542;18;93.2914;16.75005;0;0;93.2914;16.75005
80;11;15.07227;18;93.2914;16.75005;0;0;93.2914;16.75005
81;11;15.0874;18;93.36208;17.10019;0.07067871;0.3501415;93.2914;16.75005
82;11;15.29004;19;88.06143;57.88308;0;0;88.06143;57.88308
83;11;15.30615;19;88.15275;57.97439;0.09131622;0.09131622;88.06143;57.88308
84;11;15.32373;19;88.25671;58.13228;0.1039581;0.1578865;88.06143;57.88308
85;11;15.33984;19;88.27345;58.25198;0.01674652;0.1197052;88.06143;57.88308
86;11;16.13379;20;88.13211;15.19519;0;0;88.13211;15.19519
87;11;16.146;20;88.13211;15.19519;0;0;88.13211;15.19519
88;11;16.16357;20;88.25421;15.31729;0.1221008;0.1221037;88.13211;15.19519
89;11;16.17969;20;88.27345;15.42085;0.01924133;0.1035547;88.13211;15.19519
90;11;17.94873;21;129.4772;54.98539;0;0;129.4772;54.98539
91;11;17.96191;21;129.4772;54.98539;0;0;129.4772;54.98539
92;11;17.979;21;129.6482;55.15644;0.171051;0.1710472;129.4772;54.98539
93;11;17.99756;21;129.5568;55.25916;-0.09144592;0.102726;129.4772;54.98539
94;11;18.01465;21;128.7866;55.45841;-0.7702026;0.1992493;129.4772;54.98539
95;11;18.26318;22;88.27345;55.83349;0;0;88.27345;55.83349
96;11;18.28076;22;88.27345;55.83349;0;0;88.27345;55.83349
97;11;18.29883;22;88.42731;55.98735;0.153862;0.1538582;88.27345;55.83349
98;11;18.31299;22;88.60218;56.16221;0.1748657;0.1748619;88.27345;55.83349
99;11;18.33008;22;88.70509;56.26512;0.1029129;0.1029091;88.27345;55.83349
100;11;18.58447;23;51.31028;56.75227;0;0;51.31028;56.75227
101;11;18.60107;23;51.31028;56.75227;0;0;51.31028;56.75227
102;11;18.6167;23;51.4478;56.8898;0.1375275;0.1375275;51.31028;56.75227
103;11;18.63281;23;51.55152;56.89362;0.1037178;0.003822327;51.31028;56.75227
104;11;18.65039;23;51.65453;56.83206;0.1030121;-0.06155777;51.31028;56.75227
105;11;20.08496;24;89.89899;13.21628;0;0;89.89899;13.21628
106;11;20.09521;24;89.89899;13.21628;0;0;89.89899;13.21628
107;11;20.1123;24;90.01974;13.33704;0.1207504;0.1207581;89.89899;13.21628
108;11;20.12842;24;90.12322;13.44052;0.1034775;0.1034765;89.89899;13.21628
109;11;20.38184;25;89.40426;57.247;0;0;89.40426;57.247
110;11;20.39746;25;89.40426;57.247;0;0;89.40426;57.247
111;11;20.41406;25;90.04282;57.88556;0.6385574;0.6385574;89.40426;57.247
112;11;20.43066;25;90.65923;58.50196;0.6164093;0.6164055;89.40426;57.247
113;11;20.44824;25;90.80715;58.85129;0.1479263;0.3493233;89.40426;57.247
114;11;20.64893;26;89.33359;98.23868;0;0;89.33359;98.23868
115;11;20.66699;26;89.33359;98.23868;0;0;89.33359;98.23868
116;11;20.68311;26;89.66986;99.03548;0.3362732;0.7967987;89.33359;98.23868
117;11;22.38672;27;127.7103;53.78391;0;0;127.7103;53.78391
118;11;22.39746;27;127.7103;53.78391;0;0;127.7103;53.78391
119;11;22.41357;27;127.8163;53.88992;0.1060104;0.1060104;127.7103;53.78391
120;11;22.43115;27;127.8516;53.99555;0.03534698;0.105629;127.7103;53.78391
121;11;22.44971;27;127.7487;54.20177;-0.1029129;0.2062187;127.7103;53.78391
122;11;22.68213;28;87.99076;54.34931;0;0;87.99076;54.34931
123;11;22.69971;28;88.08739;54.44594;0.09662628;0.09662628;87.99076;54.34931
124;11;22.71826;28;88.19084;54.5494;0.1034546;0.1034622;87.99076;54.34931
125;11;22.73389;28;88.20278;54.65292;0.01194;0.1035194;87.99076;54.34931
126;11;23.06836;29;87.21333;13.00426;0;0;87.21333;13.00426
127;11;23.08643;29;87.21333;13.00426;0;0;87.21333;13.00426
128;11;23.10205;29;87.284;13.07493;0.07067871;0.07067394;87.21333;13.00426
129;11;24.6875;30;124.8126;54.70269;0;0;124.8126;54.70269
130;11;24.69922;30;124.8126;54.70269;0;0;124.8126;54.70269
131;11;24.71533;30;125.0246;54.91471;0.2120285;0.2120247;124.8126;54.70269
132;11;24.73242;30;125.2313;55.05338;0.2066498;0.1386681;124.8126;54.70269
133;11;24.75049;30;125.3376;55.15696;0.1062851;0.1035843;124.8126;54.70269
134;11;24.76709;30;125.378;55.25976;0.04043579;0.1027985;124.8126;54.70269
135;11;25.03369;31;88.98022;54.13728;0;0;88.98022;54.13728
136;11;25.05225;31;88.98022;54.13728;0;0;88.98022;54.13728
137;11;25.06982;31;89.2098;54.36687;0.2295837;0.2295876;88.98022;54.13728
138;11;25.08643;31;89.30436;54.5321;0.09455872;0.1652336;88.98022;54.13728
139;11;25.10205;31;89.33359;54.63551;0.02922821;0.1034088;88.98022;54.13728
140;11;25.34277;32;89.33359;97.10787;0;0;89.33359;97.10787
141;11;25.35547;32;89.33359;97.10787;0;0;89.33359;97.10787
142;11;25.37109;32;89.43275;97.20704;0.09915924;0.09916687;89.33359;97.10787
143;11;25.38818;32;89.74028;97.51456;0.3075333;0.3075256;89.33359;97.10787
144;11;25.40527;32;89.85684;97.63113;0.1165619;0.1165619;89.33359;97.10787
145;11;26.95264;33;130.1132;58.0951;0;0;130.1132;58.0951
146;11;26.96729;33;130.1988;58.18066;0.08555603;0.08555984;130.1132;58.0951
147;11;26.98389;33;130.137;58.28333;-0.06175232;0.1026649;130.1132;58.0951
148;11;27.21826;34;88.48548;55.97484;0;0;88.48548;55.97484
149;11;27.23926;34;88.59651;56.08587;0.1110306;0.1110268;88.48548;55.97484
150;11;27.25293;34;88.69868;56.18804;0.1021729;0.1021729;88.48548;55.97484
151;11;27.26953;34;88.80331;56.29268;0.1046295;0.1046333;88.48548;55.97484
152;11;27.53809;35;88.76819;17.24477;0;0;88.76819;17.24477
153;11;27.55664;35;88.86166;17.33825;0.09347534;0.09347916;88.76819;17.24477
154;11;27.57227;35;88.96545;17.31545;0.1037827;-0.02280235;88.76819;17.24477
155;11;27.58789;35;89.06813;17.31545;0.102684;0;88.76819;17.24477
156;11;29.1875;36;129.9012;53.28918;0;0;129.9012;53.28918
157;11;29.20166;36;129.9012;53.28918;0;0;129.9012;53.28918
158;11;29.21924;36;130.2291;53.74991;0.3278809;0.4607277;129.9012;53.28918
159;11;29.23584;36;130.4449;54.06942;0.2158356;0.3195076;129.9012;53.28918
160;11;29.25293;36;130.4666;54.25091;0.021698;0.1814919;129.9012;53.28918
161;11;29.27002;36;130.377;54.45787;-0.08961487;0.2069588;129.9012;53.28918
162;11;29.28613;36;129.7746;54.66367;-0.602417;0.2058029;129.9012;53.28918
163;11;29.52002;37;90.88844;56.3989;0;0;90.88844;56.3989
164;11;29.53809;37;91.00331;56.51376;0.1148682;0.1148643;90.88844;56.3989
165;11;29.55664;37;91.10577;56.54025;0.1024551;0.02648544;90.88844;56.3989
166;11;29.57129;37;91.17115;56.54025;0.06538391;0;90.88844;56.3989
167;11;29.58789;37;91.09995;56.46905;-0.07119751;-0.0711937;90.88844;56.3989
168;11;29.88965;38;89.68697;12.86291;0;0;89.68697;12.86291
169;11;29.91064;38;89.68697;12.86291;0;0;89.68697;12.86291
170;11;29.92334;38;89.77253;13.01915;0.08556366;0.1562405;89.68697;12.86291
171;11;31.44287;39;130.4666;51.94635;0;0;130.4666;51.94635
172;11;31.45264;39;130.4666;51.94635;0;0;130.4666;51.94635
173;11;31.47314;39;130.7993;52.05724;0.3326721;0.1108932;130.4666;51.94635
174;11;31.48682;39;130.9626;52.15967;0.1633453;0.1024284;130.4666;51.94635
175;11;31.50342;39;131.0674;52.26439;0.1047211;0.1047173;130.4666;51.94635
176;11;31.52148;39;130.8972;52.16162;-0.1702118;-0.1027679;130.4666;51.94635
177;11;31.78857;40;88.76819;55.76282;0;0;88.76819;55.76282
178;11;31.80664;40;88.76819;55.76282;0;0;88.76819;55.76282
179;11;31.82227;40;88.85753;55.92283;0.08934021;0.1600113;88.76819;55.76282
180;11;31.83984;40;88.96068;56.02599;0.1031494;0.103157;88.76819;55.76282
181;11;31.85693;40;89.01555;56.08085;0.05487061;0.05486298;88.76819;55.76282
182;11;32.10986;41;50.67419;54.70269;0;0;50.67419;54.70269
183;11;32.125;41;50.67419;54.70269;0;0;50.67419;54.70269
184;11;32.14209;41;50.60212;54.98959;-0.07207489;0.2869072;50.67419;54.70269
185;11;32.15918;41;50.49853;55.40535;-0.1035919;0.4157562;50.67419;54.70269
186;11;32.17773;41;50.25969;55.67781;-0.2388344;0.2724648;50.67419;54.70269
187;11;32.19238;41;49.95145;55.89127;-0.3082466;0.2134552;50.67419;54.70269
188;11;33.82666;42;53.92525;54.84404;0;0;53.92525;54.84404
189;11;33.8418;42;53.92525;54.84404;0;0;53.92525;54.84404
190;11;33.85889;42;54.05096;55.09546;0.1257095;0.2514191;53.92525;54.84404
191;11;33.87354;42;54.06661;55.30154;0.01564789;0.2060852;53.92525;54.84404
192;11;33.89111;42;54.06661;55.38841;0;0.0868721;53.92525;54.84404
193;11;33.9082;42;54.06661;55.49219;0;0.1037788;53.92525;54.84404
194;11;34.23047;43;89.82832;56.89362;0;0;89.82832;56.89362
195;11;34.24365;43;89.82832;56.89362;0;0;89.82832;56.89362
196;11;34.26123;43;89.88378;56.94909;0.0554657;0.0554657;89.82832;56.89362
197;11;34.27734;43;89.98573;57.05105;0.1019516;0.101963;89.82832;56.89362
198;11;34.29443;43;90.08981;57.15511;0.1040802;0.1040611;89.82832;56.89362
199;11;34.5957;44;126.0141;55.76282;0;0;126.0141;55.76282
200;11;34.61279;44;126.4309;55.86703;0.4168472;0.1042061;126.0141;55.76282
201;11;34.63037;44;127.1854;56.10616;0.7545242;0.2391357;126.0141;55.76282
202;11;34.64648;44;127.5119;56.21498;0.3264694;0.1088142;126.0141;55.76282
203;11;34.66504;44;127.4983;56.25755;-0.01364899;0.04256821;126.0141;55.76282
204;11;36.21191;45;91.38317;18.3049;0;0;91.38317;18.3049
205;11;36.22754;45;91.38317;18.3049;0;0;91.38317;18.3049
206;11;36.24365;45;91.53871;18.46045;0.1555405;0.1555443;91.38317;18.3049
207;11;36.26318;45;91.52452;18.56392;-0.01419067;0.1034679;91.38317;18.3049
208;11;36.27783;45;91.36652;18.82459;-0.1579971;0.2606754;91.38317;18.3049
209;11;36.5459;46;88.83886;56.82295;0;0;88.83886;56.82295
210;11;36.56396;46;88.83886;56.82295;0;0;88.83886;56.82295
211;11;36.58154;46;89.11256;57.26884;0.2737045;0.4458885;88.83886;56.82295
212;11;36.91504;47;130.2546;54.34931;0;0;130.2546;54.34931
213;11;36.93262;47;130.3289;54.42366;0.07434082;0.07435226;130.2546;54.34931
214;11;36.94922;47;130.3253;54.526;-0.003662109;0.1023369;130.2546;54.34931
215;11;38.45166;48;50.03812;53.00648;0;0;50.03812;53.00648
216;11;38.46484;48;50.03812;53.00648;0;0;50.03812;53.00648
217;11;38.4917;48;50.29461;53.33364;0.2564926;0.3271675;50.03812;53.00648
218;11;38.50244;48;50.29461;53.33364;0;0;50.03812;53.00648
219;11;38.51367;48;50.32082;53.43629;0.02621078;0.1026459;50.03812;53.00648
220;11;38.80225;49;89.33359;57.17632;0;0;89.33359;57.17632
221;11;38.81494;49;89.33359;57.17632;0;0;89.33359;57.17632
222;11;38.8335;49;89.58661;57.36856;0.2530212;0.1922379;89.33359;57.17632
223;11;38.84863;49;89.80359;57.57565;0.21698;0.2070923;89.33359;57.17632
224;11;39.18408;50;128.6997;53.64256;0;0;128.6997;53.64256
225;11;39.20215;50;128.6997;53.64256;0;0;128.6997;53.64256
226;11;39.21973;50;128.9659;53.97937;0.2661285;0.3368111;128.6997;53.64256
227;11;40.74902;51;88.48548;18.3049;0;0;88.48548;18.3049
228;11;40.76807;51;88.48548;18.3049;0;0;88.48548;18.3049
229;11;40.78076;51;88.72881;18.54823;0.2433319;0.2433262;88.48548;18.3049
230;11;40.79932;51;88.88708;18.75473;0.1582718;0.2064972;88.48548;18.3049
231;11;40.81494;51;88.99005;19.04116;0.1029663;0.2864361;88.48548;18.3049
232;11;41.02197;52;88.62683;55.26809;0;0;88.62683;55.26809
233;11;41.03418;52;88.62683;55.26809;0;0;88.62683;55.26809
234;11;41.04932;52;88.73933;55.38059;0.1125031;0.1125031;88.62683;55.26809
235;11;41.06641;52;88.84301;55.48427;0.1036758;0.1036758;88.62683;55.26809
236;11;41.0835;52;88.94487;55.58613;0.10186;0.10186;88.62683;55.26809
237;11;41.33496;53;130.4666;55.19742;0;0;130.4666;55.19742
238;11;41.35303;53;130.4666;55.19742;0;0;130.4666;55.19742
239;11;41.36865;53;131.4134;55.45784;0.9468079;0.2604179;130.4666;55.19742
240;11;41.38672;53;131.5844;55.48011;0.170929;0.02227783;130.4666;55.19742
241;11;43.06787;54;89.68697;97.67328;0;0;89.68697;97.67328
242;11;43.0835;54;89.77206;97.75837;0.08509827;0.08509064;89.68697;97.67328
243;11;43.10107;54;89.75764;97.81463;-0.01442719;0.05625916;89.68697;97.67328
244;11;43.30273;55;91.45384;59.79131;0;0;91.45384;59.79131
245;11;43.32031;55;91.45384;59.79131;0;0;91.45384;59.79131
246;11;43.33545;55;91.68322;59.79131;0.2293777;0;91.45384;59.79131
247;11;43.35547;55;91.88951;59.66788;0.2062912;-0.1234283;91.45384;59.79131
248;11;43.36914;55;92.02247;59.06202;0.1329575;-0.6058617;91.45384;59.79131
249;11;43.625;56;49.40204;58.87253;0;0;49.40204;58.87253
250;11;43.63916;56;49.40204;58.87253;0;0;49.40204;58.87253
251;11;43.65576;56;49.40204;58.93452;0;0.06199265;49.40204;58.87253
252;11;43.67139;56;49.40204;59.03901;0;0.1044807;49.40204;58.87253
253;11;43.68896;56;49.34489;59.14171;-0.05715179;0.1027031;49.40204;58.87253
254;11;43.70605;56;49.06229;59.06554;-0.2825966;-0.07616425;49.40204;58.87253
255;11;45.21729;57;88.34413;15.47789;0;0;88.34413;15.47789
256;11;45.23584;57;88.34413;15.47789;0;0;88.34413;15.47789
257;11;45.25293;57;88.51537;15.64912;0.1712341;0.1712265;88.34413;15.47789
258;11;45.26953;57;88.4937;15.8773;-0.02166748;0.2281857;88.34413;15.47789
259;11;45.48975;58;89.89899;53.21851;0;0;89.89899;53.21851
260;11;45.50342;58;89.89899;53.21851;0;0;89.89899;53.21851
261;11;45.521;58;90.25396;54.06979;0.3549652;0.851284;89.89899;53.21851
262;11;45.53906;58;90.76772;55.00838;0.5137634;0.9385948;89.89899;53.21851
263;11;45.5542;58;91.06181;55.42212;0.2940826;0.4137344;89.89899;53.21851
264;11;45.5708;58;91.10047;55.64725;0.03866577;0.225132;89.89899;53.21851
265;11;45.83887;59;46.99908;55.48011;0;0;46.99908;55.48011
266;11;45.85938;59;47.07148;55.55252;0.07239914;0.07240677;46.99908;55.48011
267;11;45.87305;59;47.17484;55.65587;0.1033554;0.1033516;46.99908;55.48011
268;11;45.89063;59;47.27798;55.75902;0.1031456;0.1031456;46.99908;55.48011
269;11;45.90674;59;47.28178;55.86186;0.003799438;0.1028404;46.99908;55.48011
270;11;47.38623;60;93.07938;12.79223;0;0;93.07938;12.79223
271;11;47.40283;60;93.24467;12.87488;0.1652985;0.08265018;93.07938;12.79223
272;11;47.41992;60;93.45148;13.18307;0.20681;0.3081875;93.07938;12.79223
273;11;47.43604;60;93.65678;13.67032;0.2052917;0.4872551;93.07938;12.79223
274;11;47.72168;61;89.19224;59.86198;0;0;89.19224;59.86198
275;11;47.73926;61;89.29024;59.95998;0.09799957;0.09800339;89.19224;59.86198
276;11;47.75635;61;89.52399;60.19374;0.233757;0.2337608;89.19224;59.86198
277;11;48.01221;62;128.2757;52.86513;0;0;128.2757;52.86513
278;11;48.02588;62;128.2757;52.86513;0;0;128.2757;52.86513
279;11;48.04102;62;128.9859;53.24399;0.7102203;0.3788643;128.2757;52.86513
280;11;48.05811;62;129.6754;53.68045;0.6894531;0.4364586;128.2757;52.86513
281;11;48.07471;62;129.8024;53.86903;0.1270599;0.1885796;128.2757;52.86513
282;11;49.55762;63;88.83886;13.99371;0;0;88.83886;13.99371
283;11;49.57031;63;88.83886;13.99371;0;0;88.83886;13.99371
284;11;49.58838;63;88.96886;14.05303;0.1299973;0.05932236;88.83886;13.99371
285;11;49.60352;63;88.98022;14.15618;0.01136017;0.1031475;88.83886;13.99371
286;11;49.62158;63;88.98022;14.25983;0;0.1036501;88.83886;13.99371
287;11;49.89063;64;90.88844;55.83349;0;0;90.88844;55.83349
288;11;49.90674;64;90.88844;55.83349;0;0;90.88844;55.83349
289;11;49.92334;64;91.10805;56.05309;0.2196045;0.2195969;90.88844;55.83349
290;11;49.93994;64;91.3125;56.25755;0.2044525;0.2044563;90.88844;55.83349
291;11;49.95752;64;91.3125;56.39741;0;0.1398659;90.88844;55.83349
292;11;50.59473;65;91.66587;12.79223;0;0;91.66587;12.79223
293;11;50.61328;65;91.66587;12.79223;0;0;91.66587;12.79223
294;11;50.62891;65;91.82967;12.79223;0.1638031;0;91.66587;12.79223
295;11;52.18408;66;90.67641;13.85236;0;0;90.67641;13.85236
296;11;52.19336;66;90.67641;13.85236;0;0;90.67641;13.85236
297;11;52.20898;66;90.77772;13.95366;0.1013031;0.1013031;90.67641;13.85236
298;11;52.22705;66;90.81777;14.05645;0.04005432;0.1027861;90.67641;13.85236
299;11;52.46191;67;88.48548;55.33877;0;0;88.48548;55.33877
300;11;52.47949;67;88.48548;55.33877;0;0;88.48548;55.33877
301;11;52.49463;67;88.73427;55.6766;0.2487869;0.3378334;88.48548;55.33877
302;11;52.51318;67;88.819;55.86445;0.08473206;0.1878471;88.48548;55.33877
303;11;52.52979;67;88.83886;55.98771;0.01985931;0.1232605;88.48548;55.33877
304;11;52.9209;68;91.73655;14.84181;0;0;91.73655;14.84181
305;11;52.93164;68;91.73655;14.84181;0;0;91.73655;14.84181
306;11;52.94824;68;92.05543;14.84181;0.3188782;0;91.73655;14.84181
307;11;52.9668;68;92.3893;14.84181;0.3338699;0;91.73655;14.84181
308;11;52.98193;68;92.58465;14.84181;0.1953506;0;91.73655;14.84181
309;11;54.51123;69;85.72915;16.67937;0;0;85.72915;16.67937
310;11;54.52881;69;85.72915;16.67937;0;0;85.72915;16.67937
311;11;54.54492;69;85.88389;16.83411;0.1547394;0.1547413;85.72915;16.67937
312;11;54.56201;69;85.98805;17.90111;0.1041641;1.066996;85.72915;16.67937
313;11;54.81348;70;88.41481;57.247;0;0;88.41481;57.247
314;11;54.83301;70;88.48832;57.32051;0.07350922;0.0735054;88.41481;57.247
315;11;54.84766;70;88.69724;57.42355;0.2089233;0.1030464;88.41481;57.247
316;11;54.86523;70;88.76473;57.45902;0.06748962;0.03546906;88.41481;57.247
317;11;54.88135;70;88.76819;57.45902;0.003456116;0;88.41481;57.247
318;11;55.09912;71;47.21111;53.14783;0;0;47.21111;53.14783
319;11;55.11816;71;47.21111;53.14783;0;0;47.21111;53.14783
320;11;55.1333;71;47.30371;53.31111;0.09260559;0.1632767;47.21111;53.14783
321;11;55.15088;71;47.28178;53.4151;-0.02193069;0.1039886;47.21111;53.14783
322;11;55.16699;71;47.28178;53.51738;0;0.1022797;47.21111;53.14783
323;11;56.66553;72;50.25014;52.6531;0;0;50.25014;52.6531
324;11;56.68164;72;50.25014;52.6531;0;0;50.25014;52.6531
325;11;56.69629;72;50.48339;52.80506;0.2332458;0.1519585;50.25014;52.6531
326;11;56.71338;72;50.6474;52.97968;0.1640129;0.1746178;50.25014;52.6531
327;11;56.73193;72;50.82717;53.08297;0.1797676;0.1032906;50.25014;52.6531
328;11;56.94971;73;86.29455;55.40944;0;0;86.29455;55.40944
329;11;56.96484;73;86.29455;55.40944;0;0;86.29455;55.40944
330;11;56.98242;73;86.92688;55.831;0.6323318;0.4215584;86.29455;55.40944
331;11;57.00049;73;87.44452;56.14182;0.5176392;0.3108253;86.29455;55.40944
332;11;57.0166;73;87.56085;56.2517;0.116333;0.1098785;86.29455;55.40944
333;11;57.23828;74;89.96967;94.42221;0;0;89.96967;94.42221
334;11;57.25098;74;89.96967;94.42221;0;0;89.96967;94.42221
335;11;57.26904;74;90.21769;95.29608;0.248024;0.8738708;89.96967;94.42221
336;11;57.28467;74;90.43562;96.14468;0.217926;0.8486023;89.96967;94.42221
337;11;57.30176;74;90.33998;96.49162;-0.09563446;0.3469391;89.96967;94.42221
338;11;58.73096;75;50.67419;54.56134;0;0;50.67419;54.56134
339;11;58.74756;75;50.75943;54.64657;0.08523178;0.08523178;50.67419;54.56134
340;11;58.76416;75;50.81554;54.75035;0.05611801;0.1037827;50.67419;54.56134
341;11;58.78125;75;50.81554;54.77337;0;0.02301407;50.67419;54.56134
342;11;59.00342;76;88.27345;55.62146;0;0;88.27345;55.62146
343;11;59.01807;76;88.27345;55.62146;0;0;88.27345;55.62146
344;11;59.03271;76;89.00552;55.98569;0.7320633;0.3642235;88.27345;55.62146
345;11;59.0498;76;89.40426;56.18687;0.3987427;0.2011795;88.27345;55.62146
346;11;59.4043;77;49.75542;55.05606;0;0;49.75542;55.05606
347;11;59.42188;77;49.75542;55.05606;0;0;49.75542;55.05606
348;11;59.43652;77;49.89987;55.20052;0.144455;0.1444588;49.75542;55.05606
349;11;59.45313;77;49.89677;55.30343;-0.003105164;0.1029129;49.75542;55.05606
350;11;60.93359;78;51.02757;57.17632;0;0;51.02757;57.17632
351;11;60.94971;78;51.12217;57.36552;0.09459686;0.1891975;51.02757;57.17632
352;11;60.96729;78;51.2249;57.44432;0.102726;0.07879639;51.02757;57.17632
353;11;60.98291;78;51.32891;57.45902;0.1040154;0.01470566;51.02757;57.17632
354;11;61.18848;79;89.12157;55.12674;0;0;89.12157;55.12674
355;11;61.20117;79;89.12157;55.12674;0;0;89.12157;55.12674
356;11;61.21826;79;89.82462;55.65922;0.7030563;0.5324783;89.12157;55.12674
357;11;61.23584;79;90.37815;56.00791;0.5535278;0.3486938;89.12157;55.12674
358;11;61.47119;80;90.39371;95.48235;0;0;90.39371;95.48235
359;11;61.4873;80;90.61993;95.78397;0.2262192;0.3016281;90.39371;95.48235
360;11;61.50684;80;90.81777;96.18909;0.1978378;0.4051208;90.39371;95.48235
361;11;63.16748;81;91.45384;96.40112;0;0;91.45384;96.40112
362;11;63.18457;81;91.45384;96.40112;0;0;91.45384;96.40112
363;11;63.20166;81;91.087;96.10494;-0.3668442;-0.2961807;91.45384;96.40112
364;11;63.40283;82;85.79983;55.26809;0;0;85.79983;55.26809
365;11;63.42236;82;85.79983;55.26809;0;0;85.79983;55.26809
366;11;63.4375;82;86.14162;55.60988;0.3417892;0.3417892;85.79983;55.26809
367;11;63.45459;82;86.32937;55.86832;0.1877518;0.2584419;85.79983;55.26809
368;11;63.47021;82;86.45074;56.1607;0.121376;0.2923813;85.79983;55.26809
369;11;63.72119;83;88.55616;98.52138;0;0;88.55616;98.52138
370;11;63.73975;83;88.66793;98.78604;0.1117706;0.2646637;88.55616;98.52138
371;11;63.75635;83;88.69751;99.02229;0.02957916;0.2362518;88.55616;98.52138
372;11;65.25293;84;52.22905;55.40944;0;0;52.22905;55.40944
373;11;65.26904;84;52.32047;55.50086;0.09141922;0.09142303;52.22905;55.40944
374;11;65.28662;84;52.42416;55.60455;0.1036835;0.1036835;52.22905;55.40944
375;11;65.30273;84;52.52705;55.70744;0.1028938;0.1028938;52.22905;55.40944
376;11;65.55615;85;89.54562;57.88308;0;0;89.54562;57.88308
377;11;65.57227;85;89.54562;57.88308;0;0;89.54562;57.88308
378;11;65.58789;85;89.98482;58.2516;0.4392014;0.3685265;89.54562;57.88308
379;11;65.60547;85;90.39371;58.55449;0.4088974;0.3028908;89.54562;57.88308
380;11;65.62207;85;90.46291;58.79889;0.06919861;0.2444;89.54562;57.88308
381;11;65.87695;86;133.2936;54.77337;0;0;133.2936;54.77337
382;11;65.89063;86;133.2936;54.77337;0;0;133.2936;54.77337
383;11;65.9082;86;133.9384;55.03127;0.6447601;0.2579002;133.2936;54.77337
384;11;65.92529;86;134.1825;55.14712;0.2441101;0.1158524;133.2936;54.77337
385;11;67.34375;87;51.2396;52.86513;0;0;51.2396;52.86513
386;11;67.35303;87;51.2396;52.86513;0;0;51.2396;52.86513
387;11;67.37109;87;51.37612;53.26988;0.1365242;0.4047546;51.2396;52.86513
388;11;67.38721;87;51.47878;53.58266;0.1026535;0.3127785;51.2396;52.86513
389;11;67.40625;87;51.5223;53.70308;0.04352188;0.1204185;51.2396;52.86513
390;11;67.62207;88;90.60574;60.49806;0;0;90.60574;60.49806
391;11;67.63916;88;91.15812;60.68219;0.5523758;0.1841278;90.60574;60.49806
392;11;67.65674;88;91.79434;60.95937;0.6362228;0.2771759;90.60574;60.49806
393;11;67.67236;88;92.05074;61.07921;0.2563934;0.1198463;90.60574;60.49806
394;11;67.94043;89;89.89899;12.93358;0;0;89.89899;12.93358
395;11;67.95898;89;89.97454;13.00913;0.07554626;0.07555008;89.89899;12.93358
396;11;67.97461;89;90.07568;13.00426;0.1011353;-0.004873276;89.89899;12.93358
397;11;67.99219;89;90.11102;13.00426;0.03533936;0;89.89899;12.93358
398;11;69.42041;90;51.59298;54.27864;0;0;51.59298;54.27864
399;11;69.4375;90;51.69543;54.48355;0.102459;0.2049141;51.59298;54.27864
400;11;69.45459;90;51.79725;54.75785;0.1018105;0.2742958;51.59298;54.27864
401;11;69.47266;90;51.9019;54.87026;0.1046562;0.1124153;51.59298;54.27864
402;11;69.67236;91;89.19224;57.60038;0;0;89.19224;57.60038
403;11;69.68945;91;89.38221;57.69536;0.1899719;0.09498596;89.19224;57.60038
404;11;69.70654;91;90.05936;57.87016;0.6771545;0.1748009;89.19224;57.60038
405;11;69.72266;91;90.20077;57.88308;0.1414032;0.01291275;89.19224;57.60038
406;11;69.95947;92;87.84941;13.00426;0;0;87.84941;13.00426
407;11;69.9751;92;87.93296;13.00426;0.0835495;0;87.84941;13.00426
408;11;69.99121;92;88.0369;13.00426;0.1039429;0;87.84941;13.00426
409;11;70.0083;92;88.06143;13.00426;0.0245285;0;87.84941;13.00426
410;11;71.43994;93;52.44107;54.06661;0;0;52.44107;54.06661
411;11;71.45459;93;52.44107;54.06661;0;0;52.44107;54.06661
412;11;71.47119;93;52.58246;54.27871;0.1413879;0.2120972;52.44107;54.06661
413;11;71.48926;93;52.68646;54.38267;0.1039963;0.1039581;52.44107;54.06661
414;11;71.67188;94;81.62998;55.40944;0;0;81.62998;55.40944
415;11;71.68994;94;81.62998;55.40944;0;0;81.62998;55.40944
416;11;71.70605;94;83.71386;56.03513;2.083878;0.6256866;81.62998;55.40944
417;11;71.72363;94;84.34878;56.18061;0.6349182;0.1454849;81.62998;55.40944
418;11;71.74121;94;84.67915;56.18687;0.3303757;0.006256104;81.62998;55.40944
419;11;72.01367;95;48.55394;55.19742;0;0;48.55394;55.19742
420;11;72.02539;95;48.55394;55.19742;0;0;48.55394;55.19742
421;11;72.0415;95;48.67249;55.31597;0.1185532;0.1185493;48.55394;55.19742
422;11;72.06055;95;48.77566;55.41914;0.1031685;0.1031723;48.55394;55.19742
423;11;73.76611;96;126.1554;54.06661;0;0;126.1554;54.06661
424;11;73.7749;96;126.1554;54.06661;0;0;126.1554;54.06661
425;11;73.79199;96;126.3465;54.16214;0.1910477;0.09552383;126.1554;54.06661
426;11;73.80811;96;126.4951;54.32185;0.1485901;0.1597176;126.1554;54.06661
427;11;73.8252;96;126.4181;54.53071;-0.0769577;0.2088547;126.1554;54.06661
428;11;74.02979;97;87.35468;55.90417;0;0;87.35468;55.90417
429;11;74.04443;97;87.35468;55.90417;0;0;87.35468;55.90417
430;11;74.06055;97;87.47645;56.02593;0.1217728;0.1217613;87.35468;55.90417
431;11;74.07715;97;87.49603;56.12807;0.01958466;0.1021385;87.35468;55.90417
432;11;74.09326;97;87.45034;56.18687;-0.04569244;0.05879593;87.35468;55.90417
433;11;74.36475;98;130.3253;56.89362;0;0;130.3253;56.89362
434;11;74.38037;98;130.3253;56.89362;0;0;130.3253;56.89362
435;11;74.39746;98;130.6697;57.16739;0.3444214;0.2737656;130.3253;56.89362
436;11;74.41211;98;130.6786;57.37608;0.00894165;0.2086906;130.3253;56.89362
437;11;75.89355;99;49.61406;55.19742;0;0;49.61406;55.19742
438;11;75.90869;99;49.79063;55.37397;0.1765633;0.1765556;49.61406;55.19742
439;11;75.92676;99;50.23788;55.70061;0.4472504;0.3266411;49.61406;55.19742
440;11;75.94238;99;50.56729;55.92713;0.3294106;0.2265129;49.61406;55.19742
441;11;75.96143;99;50.96619;55.93058;0.3989029;0.003452301;49.61406;55.19742
442;11;75.97754;99;51.94002;55.67459;0.9738312;-0.2559891;49.61406;55.19742
443;11;76.18262;100;90.04034;55.83349;0;0;90.04034;55.83349
444;11;76.19434;100;90.04034;55.83349;0;0;90.04034;55.83349
445;11;76.21143;100;90.4119;56.12831;0.3715515;0.2948227;90.04034;55.83349
446;11;76.22998;100;90.96132;56.47089;0.5494232;0.3425789;90.04034;55.83349
447;11;76.24561;100;91.16589;56.57295;0.204567;0.1020584;90.04034;55.83349
448;11;76.7334;101;52.93581;54.41999;0;0;52.93581;54.41999
449;11;76.74951;101;53.02237;54.59311;0.08656311;0.1731262;52.93581;54.41999
450;11;76.76904;101;53.24549;54.99052;0.2231216;0.3974113;52.93581;54.41999
451;11;76.78271;101;53.37106;55.21984;0.1255722;0.2293129;52.93581;54.41999
452;11;78.38525;102;92.726;95.48235;0;0;92.726;95.48235
453;11;78.3999;102;92.726;95.48235;0;0;92.726;95.48235
454;11;78.41309;102;92.79668;95.48235;0.07067871;0;92.726;95.48235
455;11;78.43066;102;92.71801;95.325;-0.07866669;-0.1573486;92.726;95.48235
456;11;78.65039;103;86.85995;53.07716;0;0;86.85995;53.07716
457;11;78.66699;103;86.85995;53.07716;0;0;86.85995;53.07716
458;11;78.68262;103;87.07515;53.07716;0.2151947;0;86.85995;53.07716
459;11;78.70117;103;87.28317;53.18276;0.2080231;0.1056023;86.85995;53.07716
460;11;78.7168;103;87.3513;53.2858;0.06812286;0.1030388;86.85995;53.07716
461;11;78.73291;103;87.35468;53.38981;0.003379822;0.1040154;86.85995;53.07716
462;11;79.01953;104;88.27345;98.66273;0;0;88.27345;98.66273
463;11;79.03516;104;88.27345;98.66273;0;0;88.27345;98.66273
464;11;79.05176;104;88.42651;98.96884;0.1530609;0.3061142;88.27345;98.66273
465;11;79.06885;104;88.52083;99.05145;0.09431458;0.08260345;88.27345;98.66273
466;11;80.65088;105;90.95912;97.03719;0;0;90.95912;97.03719
467;11;80.66602;105;91.04308;97.12116;0.08395386;0.08396912;90.95912;97.03719
468;11;80.68359;105;90.93773;96.96976;-0.1053467;-0.1513977;90.95912;97.03719
469;11;80.86719;106;87.99076;52.72378;0;0;87.99076;52.72378
470;11;80.88525;106;88.07396;52.80698;0.08319855;0.08320236;87.99076;52.72378
471;11;80.90088;106;88.29393;52.79446;0.2199707;-0.01252365;87.99076;52.72378
472;11;80.91846;106;88.42194;52.79446;0.1280136;0;87.99076;52.72378
473;11;80.93555;106;88.48548;52.83448;0.0635376;0.0400238;87.99076;52.72378
474;11;81.13818;107;88.69751;100.2883;0;0;88.69751;100.2883
475;11;81.15283;107;88.69751;100.2883;0;0;88.69751;100.2883
476;11;81.16992;107;88.76945;100.6454;0.07193756;0.3571548;88.69751;100.2883
477;11;81.18652;107;88.76819;100.9584;-0.00125885;0.3129654;88.69751;100.2883
478;11;82.78271;108;88.34413;96.54247;0;0;88.34413;96.54247
479;11;82.80078;108;88.44957;96.6479;0.1054382;0.1054306;88.34413;96.54247
480;11;82.81885;108;88.48548;96.75098;0.03591156;0.1030731;88.34413;96.54247
481;11;82.8374;108;88.38573;96.45522;-0.09975433;-0.2957611;88.34413;96.54247
482;11;83.00146;109;88.06143;54.63202;0;0;88.06143;54.63202
483;11;83.02002;109;88.16701;54.42086;0.1055756;-0.2111511;88.06143;54.63202
484;11;83.03809;109;88.33709;54.35283;0.1700821;-0.06803513;88.06143;54.63202
485;11;83.05273;109;88.54555;54.2486;0.2084579;-0.104229;88.06143;54.63202
486;11;83.07178;109;88.81356;54.02124;0.268013;-0.2273598;88.06143;54.63202
487;11;83.27197;110;133.0816;52.51175;0;0;133.0816;52.51175
488;11;83.28857;110;133.0816;52.51175;0;0;133.0816;52.51175
489;11;83.30469;110;134.4525;53.36257;1.370926;0.8508186;133.0816;52.51175
490;11;83.32373;110;134.7502;53.61498;0.2977142;0.2524071;133.0816;52.51175
491;11;84.89355;111;92.51398;98.23868;0;0;92.51398;98.23868
492;11;84.90283;111;92.51398;98.23868;0;0;92.51398;98.23868
493;11;84.92139;111;92.61325;98.43723;0.09927368;0.1985474;92.51398;98.23868
494;11;84.93604;111;92.46266;98.58237;-0.150589;0.1451492;92.51398;98.23868
495;11;84.95215;111;91.40467;98.40321;-1.057991;-0.1791687;92.51398;98.23868
496;11;85.12402;112;88.13211;57.17632;0;0;88.13211;57.17632
497;11;85.13867;112;88.13211;57.17632;0;0;88.13211;57.17632
498;11;85.15527;112;88.3243;57.36852;0.1921921;0.1921959;88.13211;57.17632
499;11;85.17041;112;88.62621;57.67043;0.3019104;0.3019142;88.13211;57.17632
500;11;85.18848;112;88.86273;57.74173;0.2365189;0.07129288;88.13211;57.17632
501;11;85.41016;113;129.1945;56.04552;0;0;129.1945;56.04552
502;11;85.42383;113;129.1945;56.04552;0;0;129.1945;56.04552
503;11;85.43994;113;129.3145;56.16558;0.1200714;0.1200638;129.1945;56.04552
504;11;86.98682;114;89.89899;96.75449;0;0;89.89899;96.75449
505;11;87.00293;114;90.08512;96.84756;0.1861267;0.09306335;89.89899;96.75449
506;11;87.021;114;90.16533;96.95016;0.08020782;0.1026001;89.89899;96.75449
507;11;87.03711;114;90.18169;96.96652;0.01636505;0.01636505;89.89899;96.75449
508;11;87.20557;115;90.04034;56.25755;0;0;90.04034;56.25755
509;11;87.22266;115;90.13258;56.25755;0.09223938;0;90.04034;56.25755
510;11;87.23926;115;90.23549;56.25755;0.1029053;0;90.04034;56.25755
511;11;87.25537;115;90.33925;56.25755;0.1037598;0;90.04034;56.25755
512;11;87.27246;115;90.61266;56.10928;0.2734146;-0.1482697;90.04034;56.25755
513;11;87.45703;116;130.2546;54.20796;0;0;130.2546;54.20796
514;11;87.47314;116;131.1204;54.72744;0.865799;0.519474;130.2546;54.20796
515;11;87.48975;116;131.9624;55.37202;0.842041;0.6445885;130.2546;54.20796
516;11;87.50684;116;132.3345;55.80324;0.3720703;0.4312172;130.2546;54.20796
517;11;89.2251;117;129.6185;55.69214;0;0;129.6185;55.69214
518;11;89.23926;117;129.6185;55.69214;0;0;129.6185;55.69214
519;11;89.25586;117;129.7457;55.69214;0.1271667;0;129.6185;55.69214
520;11;89.27148;117;129.7599;55.69214;0.01417542;0;129.6185;55.69214
521;11;89.45557;118;93.71545;56.04552;0;0;93.71545;56.04552
522;11;89.47363;118;93.71545;56.04552;0;0;93.71545;56.04552
523;11;89.48975;118;93.71545;56.20379;0;0.1582756;93.71545;56.04552
524;11;89.50781;118;93.61545;56.35755;-0.1000061;0.153759;93.71545;56.04552
525;11;89.52344;118;93.24545;56.64539;-0.3700027;0.287838;93.71545;56.04552
526;11;89.69141;119;94.13951;90.88844;0;0;94.13951;90.88844
527;11;89.70801;119;94.13951;91.67083;0;0.7823868;94.13951;90.88844
528;11;89.72705;119;94.40073;94.54263;0.2612152;2.871796;94.13951;90.88844
529;11;89.7417;119;94.26014;96.19272;-0.1405869;1.650093;94.13951;90.88844
530;11;91.30713;120;88.90954;95.90639;0;0;88.90954;95.90639
531;11;91.32178;120;88.99528;95.99213;0.08573914;0.08573914;88.90954;95.90639
532;11;91.34033;120;89.16872;96.28341;0.173439;0.2912827;88.90954;95.90639
533;11;91.35791;120;89.19224;96.41037;0.02352142;0.1269608;88.90954;95.90639
534;11;91.54053;121;91.3125;56.6816;0;0;91.3125;56.6816
535;11;91.55713;121;91.3125;56.6816;0;0;91.3125;56.6816
536;11;91.57275;121;91.46225;56.76068;0.1497498;0.07907867;91.3125;56.6816
537;11;91.59131;121;91.56553;56.86396;0.1032791;0.1032791;91.3125;56.6816
538;11;91.60693;121;91.59519;56.89362;0.02966309;0.02966309;91.3125;56.6816
539;11;91.80762;122;93.00871;20.63719;0;0;93.00871;20.63719
540;11;91.82568;122;93.08125;20.63719;0.07254791;0;93.00871;20.63719
541;11;91.84277;122;93.18504;20.53153;0.1037827;-0.1056595;93.00871;20.63719
542;11;91.85938;122;93.22073;20.42857;0.03569794;-0.1029587;93.00871;20.63719
543;11;91.87598;122;93.02158;20.3256;-0.1991501;-0.1029758;93.00871;20.63719
544;11;93.34717;123;86.64793;92.726;0;0;86.64793;92.726
545;11;93.35986;123;86.64793;92.726;0;0;86.64793;92.726
546;11;93.37109;123;86.81117;92.88924;0.1632462;0.1632462;86.64793;92.726
547;11;93.38867;123;86.97363;93.0517;0.1624527;0.1624603;86.64793;92.726
548;11;93.40527;123;87.07679;93.07938;0.1031647;0.02767181;86.64793;92.726
549;11;93.60645;124;88.69751;52.01703;0;0;88.69751;52.01703
550;11;93.62305;124;88.77262;52.09214;0.07511139;0.07510757;88.69751;52.01703
551;11;93.63965;124;88.8742;52.19371;0.1015778;0.1015778;88.69751;52.01703
552;11;93.65869;124;88.97915;52.22905;0.10495;0.03533936;88.69751;52.01703
553;11;93.84277;125;93.43276;17.88085;0;0;93.43276;17.88085
554;11;93.8584;125;93.43276;17.88085;0;0;93.43276;17.88085
555;11;93.87549;125;93.56979;17.6753;0.1370239;-0.2055569;93.43276;17.88085
556;11;93.8916;125;93.67581;17.16027;0.1060257;-0.5150261;93.43276;17.88085
557;11;93.90918;125;93.58138;16.83527;-0.09442902;-0.3250027;93.43276;17.88085
558;11;95.37207;126;87.92008;95.27032;0;0;87.92008;95.27032
559;11;95.38818;126;88.00488;95.35513;0.08480072;0.08480835;87.92008;95.27032
560;11;95.40576;126;88.10986;95.53076;0.1049728;0.1756363;87.92008;95.27032
561;11;95.59131;127;93.2914;57.17632;0;0;93.2914;57.17632
562;11;95.60693;127;93.37744;57.17632;0.08603668;0;93.2914;57.17632
563;11;95.62305;127;93.48041;57.17632;0.1029663;0;93.2914;57.17632
564;11;95.64014;127;93.53876;57.17632;0.05835724;0;93.2914;57.17632
565;11;95.81299;128;55.90417;58.73118;0;0;55.90417;58.73118
566;11;95.8252;128;55.90417;58.73118;0;0;55.90417;58.73118
567;11;95.84131;128;55.90417;59.13082;0;0.3996391;55.90417;58.73118
568;11;95.8584;128;55.7455;59.54324;-0.1586723;0.4124184;55.90417;58.73118
569;11;95.875;128;54.72016;59.87379;-1.025341;0.3305511;55.90417;58.73118
570;11;95.89307;128;52.42627;59.78447;-2.293888;-0.08931732;55.90417;58.73118
571;11;97.4248;129;90.04034;96.54247;0;0;90.04034;96.54247
572;11;97.43896;129;90.04034;96.54247;0;0;90.04034;96.54247
573;11;97.45898;129;90.04034;96.54247;0;0;90.04034;96.54247
574;11;97.66553;130;89.96967;48.97799;0;0;89.96967;48.97799
575;11;97.67871;130;89.96967;48.97799;0;0;89.96967;48.97799
576;11;97.69287;130;89.96967;49.17676;0;0.1987724;89.96967;48.97799
577;11;97.71045;130;89.96967;49.51459;0;0.3378334;89.96967;48.97799
578;11;97.72754;130;89.96967;49.73148;0;0.2168846;89.96967;48.97799
579;11;97.96338;131;90.18169;15.26587;0;0;90.18169;15.26587
580;11;97.97607;131;90.18169;15.26587;0;0;90.18169;15.26587
581;11;97.99561;131;90.18169;15.43868;0;0.1728153;90.18169;15.26587
582;11;99.54297;132;90.81777;93.64478;0;0;90.81777;93.64478
583;11;99.55664;132;90.81777;93.64478;0;0;90.81777;93.64478
584;11;99.57373;132;91.26186;93.96018;0.4440918;0.3153992;90.81777;93.64478
585;11;99.59131;132;91.49212;94.17778;0.2302551;0.217598;90.81777;93.64478
586;11;99.60791;132;91.62973;93.92908;0.1376114;-0.2486954;90.81777;93.64478
587;11;99.7627;133;95.90639;53.85458;0;0;95.90639;53.85458
588;11;99.7749;133;95.90639;53.85458;0;0;95.90639;53.85458
589;11;99.79346;133;96.0349;53.85458;0.1285172;0;95.90639;53.85458
590;11;99.80811;133;96.13795;53.85458;0.1030426;0;95.90639;53.85458
591;11;99.82568;133;96.01334;53.85458;-0.1246033;0;95.90639;53.85458
592;11;100.0459;134;44.10139;58.44848;0;0;44.10139;58.44848
593;11;100.0625;134;44.10139;58.61311;0;0.1646347;44.10139;58.44848
594;11;100.0796;134;44.05699;58.81998;-0.04439926;0.2068672;44.10139;58.44848
595;11;100.0938;134;43.87746;59.02579;-0.1795311;0.2058067;44.10139;58.44848
596;11;100.1118;134;43.4497;58.97464;-0.4277649;-0.05114746;44.10139;58.44848
597;11;101.6753;135;130.4666;53.43053;0;0;130.4666;53.43053
598;11;101.6914;135;130.4666;53.43053;0;0;130.4666;53.43053
599;11;101.7075;135;130.5373;53.57999;0.07066345;0.1494598;130.4666;53.43053
600;11;101.9253;136;86.36523;55.90417;0;0;86.36523;55.90417
601;11;101.9458;136;86.40648;56.01611;0.04125214;0.1119347;86.36523;55.90417
602;11;101.9604;136;86.4359;56.1185;0.02941895;0.1023903;86.36523;55.90417
603;11;101.9785;136;86.4359;56.32822;0;0.2097206;86.36523;55.90417
604;11;102.2119;137;127.5689;57.45902;0;0;127.5689;57.45902
605;11;102.23;137;127.9676;57.55868;0.3986206;0.09965515;127.5689;57.45902
606;11;102.2461;137;128.4622;57.73322;0.4946213;0.1745415;127.5689;57.45902
607;11;102.2622;137;128.5829;57.83692;0.1207275;0.1036987;127.5689;57.45902
608;11;103.8652;138;126.6502;52.15838;0;0;126.6502;52.15838
609;11;103.8765;138;126.6502;52.15838;0;0;126.6502;52.15838
610;11;103.894;138;126.5953;52.1035;-0.05487823;-0.05487442;126.6502;52.15838
611;11;103.9097;138;125.8774;51.73666;-0.7178802;-0.3668442;126.6502;52.15838
612;11;104.3315;139;88.13211;52.51175;0;0;88.13211;52.51175
613;11;104.3472;139;88.2136;52.67474;0.08148956;0.1629868;88.13211;52.51175
614;11;104.3647;139;88.20278;53.28918;-0.01081848;0.6144409;88.13211;52.51175
615;11;104.6147;140;87.42535;97.81463;0;0;87.42535;97.81463
616;11;104.6323;140;87.42535;97.81463;0;0;87.42535;97.81463
617;11;104.6484;140;87.66975;98.33579;0.2444;0.5211639;87.42535;97.81463
618;11;106.2031;141;131.3147;56.46957;0;0;131.3147;56.46957
619;11;106.2124;141;131.3147;56.46957;0;0;131.3147;56.46957
620;11;106.228;141;131.6264;56.57347;0.3117065;0.1039009;131.3147;56.46957
621;11;106.2456;141;131.6681;56.54025;0.04168701;-0.03322601;131.3147;56.46957
622;11;106.4663;142;88.55616;56.25755;0;0;88.55616;56.25755
623;11;106.4819;142;88.55616;56.25755;0;0;88.55616;56.25755
624;11;106.4985;142;88.68599;56.38737;0.1298294;0.1298256;88.55616;56.25755
625;11;106.5142;142;88.69751;56.49115;0.01152039;0.1037788;88.55616;56.25755
626;11;106.5313;142;88.69751;56.59465;0;0.1035004;88.55616;56.25755
627;11;106.7319;143;130.4666;55.76282;0;0;130.4666;55.76282
628;11;106.75;143;130.4666;55.76282;0;0;130.4666;55.76282
629;11;106.7656;143;131.4305;56.00378;0.9638519;0.2409592;130.4666;55.76282
630;11;106.7827;143;131.7861;56.16355;0.3556519;0.1597672;130.4666;55.76282
