ID;StudyID;LogID;UserID;Time;TouchID;TouchX;TouchY;TouchDeltaX;TouchDeltaY;FirstTouchX;FirstTouchY;AccelerationX;AccelerationY;AccelerationZ;RotationDegreeX;RotationDegreeY;RotationDegreeZ;TimeStamp;Potition
 ;12;0;3;1.276855;0;139.0265;76.10378;0;0;139.0265;76.10378;0.01463497;0.02866014;-1.00652;89.1673;88.36914;178.1688;2019/08/06 12:31:11;S
 ;12;1;3;1.310547;0;138.9268;76.00758;-0.09976196;-0.09620667;139.0265;76.10378;0.01439105;0.03012364;-0.9644443;89.14553;88.21119;178.0175;2019/08/06 12:31:11;S
 ;12;2;3;1.781006;1;102.7545;75.52651;0;0;102.7545;75.52651;0.01463497;0.02902602;-0.9924947;89.15556;88.32501;178.124;2019/08/06 12:31:11;S
 ;12;3;3;1.814697;1;102.3707;75.33409;-0.383812;-0.192421;102.7545;75.52651;0.01158602;0.03183106;-1.043107;89.36392;88.25223;178.1399;2019/08/06 12:31:11;S
 ;12;4;3;2.284912;2;99.77197;36.36818;0;0;99.77197;36.36818;0.01268364;0.03280672;-1.073109;89.32314;88.24904;178.1227;2019/08/06 12:31:12;S
 ;12;5;3;2.318604;2;99.48709;35.98709;-0.284874;-0.3810883;99.77197;36.36818;0.01353735;0.02317203;-0.9457848;89.18021;88.59666;178.3746;2019/08/06 12:31:12;S
 ;12;6;3;4.133057;3;102.1773;114.7811;0;0;102.1773;114.7811;0.01390322;0.0302456;-0.9894457;89.19534;88.24928;178.0731;2019/08/06 12:31:13;S
 ;12;7;3;4.166504;3;101.898;114.6848;-0.2792969;-0.09621429;102.1773;114.7811;0.01548867;0.02926993;-0.9884701;89.10268;88.30409;178.0812;2019/08/06 12:31:13;S
 ;12;8;3;4.536133;4;95.44242;76.39243;0;0;95.44242;76.39243;0.01634238;0.02963581;-0.9699324;89.03516;88.25014;178.0016;2019/08/06 12:31:14;S
 ;12;9;3;4.569824;4;95.21664;76.16664;-0.2257767;-0.2257843;95.44242;76.39243;0.01500084;0.02719665;-0.9767621;89.12048;88.40527;178.1786;2019/08/06 12:31:14;S
 ;12;10;3;4.603271;4;95.15379;75.87722;-0.06285858;-0.2894211;95.44242;76.39243;0.01500084;0.02987972;-0.9878603;89.13041;88.26771;178.0615;2019/08/06 12:31:14;S
 ;12;11;3;4.9729;5;139.9886;73.98712;0;0;139.9886;73.98712;0.01744;0.0302456;-1.000544;89.00185;88.26878;178.0016;2019/08/06 12:31:14;S
 ;12;12;3;5.006592;5;139.9886;73.89091;0;-0.09621429;139.9886;73.98712;0.01304951;0.03280672;-1.007983;89.25867;88.13601;177.9938;2019/08/06 12:31:14;S
 ;12;13;3;6.821045;6;100.7341;33.28939;0;0;100.7341;33.28939;0.01768392;0.02329399;-0.8821226;88.85194;88.48766;178.101;2019/08/06 12:31:16;S
 ;12;14;3;6.854492;6;100.7341;33.28939;0;0;100.7341;33.28939;0.01402518;0.03170909;-1.012862;89.20705;88.20702;178.0394;2019/08/06 12:31:16;S
 ;12;15;3;7.224121;7;99.96439;77.54697;0;0;99.96439;77.54697;0.01561063;0.03207497;-1.025911;89.12865;88.20944;178.0085;2019/08/06 12:31:16;S
 ;12;16;3;7.257813;7;99.65217;77.45076;-0.3122253;-0.09620667;99.96439;77.54697;0.01597651;0.03073343;-0.9957875;89.08125;88.23244;178.0078;2019/08/06 12:31:17;S
 ;12;17;3;7.560303;8;58.20834;73.89091;0;0;58.20834;73.89091;0.01695217;0.03000168;-0.9942021;89.02358;88.27177;178.0148;2019/08/06 12:31:17;S
 ;12;18;3;7.59375;8;58.09317;73.79469;-0.1151657;-0.09621429;58.20834;73.89091;0.0136593;0.02890406;-1.00713;89.22328;88.35624;178.1819;2019/08/06 12:31:17;S
 ;12;19;3;9.308105;9;98.41469;34.72226;0;0;98.41469;34.72226;0.01439105;0.02768448;-0.997129;89.17345;88.4098;178.2077;2019/08/06 12:31:19;S
 ;12;20;3;9.341797;9;98.12679;34.63636;-0.2879028;-0.08589935;98.41469;34.72226;0.01463497;0.03317259;-1.037253;89.19205;88.16841;177.998;2019/08/06 12:31:19;S
 ;12;21;3;9.778564;10;98.425;74.46819;0;0;98.425;74.46819;0.01548867;0.02829427;-0.9688348;89.08448;88.32739;178.0931;2019/08/06 12:31:19;S
 ;12;22;3;9.812012;10;98.32878;74.46819;-0.09621429;0;98.425;74.46819;0.01597651;0.02951385;-0.9999341;89.08502;88.30957;178.0779;2019/08/06 12:31:19;S
 ;12;23;3;10.61841;11;98.23257;32.5197;0;0;98.23257;32.5197;0.01865958;0.02512336;-0.9083436;88.82362;88.41602;178.0268;2019/08/06 12:31:20;S
 ;12;24;3;10.6521;11;98.13636;32.5197;-0.09621429;0;98.23257;32.5197;0.01670825;0.02987972;-0.9979828;89.04127;88.28531;178.0354;2019/08/06 12:31:20;S
 ;12;25;3;12.36572;12;59.44114;75.81515;0;0;59.44114;75.81515;0.01451301;0.0279284;-0.9924947;89.16256;88.38831;178.1836;2019/08/06 12:31:22;S
 ;12;26;3;12.7019;13;98.71364;73.21742;0;0;98.71364;73.21742;0.0151228;0.02939189;-1.01835;89.14955;88.34695;178.1409;2019/08/06 12:31:22;S
 ;12;27;3;12.7356;13;98.71364;73.21742;0;0;98.71364;73.21742;0.01439105;0.02719665;-0.9874944;89.16538;88.42257;178.2152;2019/08/06 12:31:22;S
 ;12;28;3;13.13843;14;98.425;34.24796;0;0;98.425;34.24796;0.01622042;0.02451357;-0.9017579;88.96987;88.44309;178.133;2019/08/06 12:31:22;S
 ;12;29;3;13.17212;14;98.425;34.05824;0;-0.1897163;98.425;34.24796;0.01536672;0.02975777;-0.9909093;89.11195;88.28008;178.0643;2019/08/06 12:31:22;S
 ;12;30;3;14.85205;15;139.4114;76.00758;0;0;139.4114;76.00758;0.01475693;0.03134322;-1.014447;89.16698;88.23048;178.0441;2019/08/06 12:31:24;S
 ;12;31;3;14.8855;15;139.267;76.00758;-0.1443176;0;139.4114;76.00758;0.01524476;0.02756252;-0.9823722;89.11128;88.39306;178.1636;2019/08/06 12:31:24;S
 ;12;32;3;15.25513;16;100.7341;76.2;0;0;100.7341;76.2;0.01463497;0.02975777;-1.009813;89.17004;88.31224;178.119;2019/08/06 12:31:25;S
 ;12;33;3;15.28882;16;100.0883;75.65044;-0.6457596;-0.5495605;100.7341;76.2;0.01756196;0.03122126;-0.9900556;88.98428;88.19406;177.9279;2019/08/06 12:31:25;S
 ;12;34;3;15.62476;17;101.3114;31.75;0;0;101.3114;31.75;0.01744;0.02524532;-0.9734693;88.97398;88.51469;178.1946;2019/08/06 12:31:25;S
 ;12;35;3;15.6582;17;101.2151;31.65379;-0.09620667;-0.09621239;101.3114;31.75;0.0151228;0.02926993;-0.9781036;89.11459;88.28613;178.0708;2019/08/06 12:31:25;S
 ;12;36;3;17.27075;18;100.0606;115.9356;0;0;100.0606;115.9356;0.0136593;0.03073343;-0.9907872;89.21053;88.22346;178.0559;2019/08/06 12:31:27;S
 ;12;37;3;17.64038;19;101.0227;74.85303;0;0;101.0227;74.85303;0.0165863;0.0264649;-0.9937143;89.04408;88.47466;178.1997;2019/08/06 12:31:27;S
 ;12;38;3;17.67407;19;100.9265;74.85303;-0.09621429;0;101.0227;74.85303;0.01536672;0.02963581;-1.017008;89.1347;88.33105;178.12;2019/08/06 12:31:27;S
 ;12;39;3;18.07715;20;135.6591;72.2553;0;0;135.6591;72.2553;0.01487888;0.03122126;-1.00469;89.15195;88.22027;178.0284;2019/08/06 12:31:27;S
 ;12;40;3;18.11084;20;135.6591;72.2553;0;0;135.6591;72.2553;0.01536672;0.02829427;-0.9929825;89.11375;88.36803;178.1428;2019/08/06 12:31:27;S
 ;12;41;3;19.79102;21;62.24924;76.68106;0;0;62.24924;76.68106;0.0151228;0.02829427;-0.9956656;89.13017;88.37242;178.1545;2019/08/06 12:31:29;S
 ;12;42;3;19.82471;21;62.00871;76.44053;-0.2405281;-0.2405319;62.24924;76.68106;0.01378126;0.02975777;-0.9849333;89.19873;88.26962;178.093;2019/08/06 12:31:29;S
 ;12;43;3;20.1272;22;101.5038;72.15909;0;0;101.5038;72.15909;0.01451301;0.02987972;-0.9843234;89.15567;88.26147;178.0672;2019/08/06 12:31:29;S
 ;12;44;3;20.16064;22;101.5038;72.15909;0;0;101.5038;72.15909;0.01573259;0.02951385;-0.9862748;89.08652;88.28617;178.0578;2019/08/06 12:31:29;S
 ;12;45;3;20.56396;23;96.8856;117.2826;0;0;96.8856;117.2826;0.01634238;0.0310993;-1.002129;89.06617;88.22272;177.9922;2019/08/06 12:31:30;S
 ;12;46;3;20.59741;23;96.78939;117.0747;-0.09621429;-0.2078705;96.8856;117.2826;0.01585455;0.02902602;-0.9892018;89.08215;88.31947;178.0851;2019/08/06 12:31:30;S
 ;12;47;3;22.21069;24;59.74773;75.91136;0;0;59.74773;75.91136;0.01646434;0.02939189;-0.9940801;89.05154;88.30666;178.0591;2019/08/06 12:31:31;S
 ;12;48;3;22.24414;24;59.74773;75.91136;0;0;59.74773;75.91136;0.01524476;0.02817231;-0.9954216;89.12294;88.37904;178.1569;2019/08/06 12:31:32;S
 ;12;49;3;22.27783;24;59.41566;75.57929;-0.3320694;-0.3320694;59.74773;75.91136;0.01597651;0.03036756;-0.9921288;89.07786;88.24703;178.0192;2019/08/06 12:31:32;S
 ;12;50;3;22.61401;25;100.8303;74.17954;0;0;100.8303;74.17954;0.01670825;0.02853819;-0.968347;89.01192;88.31217;178.0441;2019/08/06 12:31:32;S
 ;12;51;3;22.64771;25;100.8303;73.85157;0;-0.3279724;100.8303;74.17954;0.01500084;0.02963581;-0.9824941;89.12566;88.27246;178.0638;2019/08/06 12:31:32;S
 ;12;52;3;22.68115;25;100.8303;73.56175;0;-0.2898178;100.8303;74.17954;0.01683021;0.03036756;-0.9926167;89.02908;88.24792;177.9968;2019/08/06 12:31:32;S
 ;12;53;3;23.01733;26;99.29091;33.38561;0;0;99.29091;33.38561;0.01609846;0.02939189;-0.9977389;89.07601;88.31285;178.0762;2019/08/06 12:31:32;S
 ;12;54;3;23.05103;26;99.29091;33.38561;0;0;99.29091;33.38561;0.01561063;0.02939189;-0.9821283;89.08978;88.28605;178.0591;2019/08/06 12:31:32;S
 ;12;55;3;24.66333;27;102.4543;113.2301;0;0;102.4543;113.2301;0.01451301;0.02585511;-0.9804208;89.15221;88.48953;178.2677;2019/08/06 12:31:34;S
 ;12;56;3;25.03296;28;101.3114;75.71097;0;0;101.3114;75.71097;0.0165863;0.0310993;-0.9884701;89.03915;88.1982;177.9579;2019/08/06 12:31:34;S
 ;12;57;3;25.06665;28;101.2151;75.42125;-0.09620667;-0.2897186;101.3114;75.71097;0.01683021;0.02902602;-0.9615173;88.99766;88.27116;178.0014;2019/08/06 12:31:34;S
 ;12;58;3;25.5708;29;98.32878;117.475;0;0;98.32878;117.475;0.01585455;0.02817231;-0.9751766;89.06894;88.34543;178.1013;2019/08/06 12:31:35;S
 ;12;59;3;27.21729;30;134.697;74.27576;0;0;134.697;74.27576;0.01585455;0.02987972;-1.011764;89.10262;88.30862;178.0852;2019/08/06 12:31:36;S
 ;12;60;3;27.25098;30;134.697;74.07327;0;-0.2024841;134.697;74.27576;0.01573259;0.0287821;-0.9877383;89.08786;88.33112;178.098;2019/08/06 12:31:37;S
 ;12;61;3;27.28467;30;134.697;73.27847;0;-0.7948074;134.697;74.27576;0.01426909;0.02951385;-0.9937143;89.17768;88.29895;178.1105;2019/08/06 12:31:37;S
 ;12;62;3;27.62061;31;101.6962;76.00758;0;0;101.6962;76.00758;0.01585455;0.0279284;-0.9801769;89.07368;88.36811;178.1234;2019/08/06 12:31:37;S
 ;12;63;3;27.6543;31;101.3005;75.71353;-0.395668;-0.2940445;101.6962;76.00758;0.01561063;0.02683077;-0.988714;89.09577;88.44573;178.2018;2019/08/06 12:31:37;S
 ;12;64;3;27.99023;32;60.80606;72.35151;0;0;60.80606;72.35151;0.01426909;0.02829427;-0.9894457;89.17411;88.36218;178.1657;2019/08/06 12:31:37;S
 ;12;65;3;28.02393;32;60.61628;72.16174;-0.1897774;-0.1897659;60.80606;72.35151;0.01609846;0.02926993;-1.006398;89.08395;88.33429;178.099;2019/08/06 12:31:37;S
 ;12;66;3;29.6377;33;99.77197;114.1076;0;0;99.77197;114.1076;0.01634238;0.02926993;-0.9956656;89.06006;88.31636;178.0717;2019/08/06 12:31:39;S
 ;12;67;3;30.07471;34;99.86818;74.56439;0;0;99.86818;74.56439;0.0165863;0.02731861;-0.9629808;89.01363;88.37526;178.0992;2019/08/06 12:31:39;S
 ;12;68;3;30.10815;34;99.86818;74.46819;0;-0.09620667;99.86818;74.56439;0.01561063;0.02926993;-0.9833478;89.0909;88.29527;178.0678;2019/08/06 12:31:39;S
 ;12;69;3;30.47778;35;133.7348;76.58485;0;0;133.7348;76.58485;0.01695217;0.02939189;-1.010057;89.03887;88.33344;178.076;2019/08/06 12:31:40;S
 ;12;70;3;30.51147;35;133.7348;76.30144;0;-0.2834091;133.7348;76.58485;0.01585455;0.02951385;-0.9861529;89.07934;88.28596;178.0543;2019/08/06 12:31:40;S
 ;12;71;3;30.54492;35;133.7348;75.92445;0;-0.3769913;133.7348;76.58485;0.01524476;0.03073343;-0.9933484;89.12118;88.22808;178.022;2019/08/06 12:31:40;S
 ;12;72;3;32.15796;36;137.1023;75.81515;0;0;137.1023;75.81515;0.01768392;0.02683077;-0.9287106;88.90959;88.34546;178.0183;2019/08/06 12:31:41;S
 ;12;73;3;32.19165;36;136.9101;75.62296;-0.1921997;-0.1921844;137.1023;75.81515;0.01475693;0.02719665;-0.9826161;89.13992;88.41476;178.1964;2019/08/06 12:31:41;S
 ;12;74;3;32.2251;36;136.4395;75.245;-0.4705963;-0.3779602;137.1023;75.81515;0.01634238;0.03073343;-0.99469;89.05918;88.2305;177.9958;2019/08/06 12:31:42;S
 ;12;75;3;32.52759;37;102.4659;73.21742;0;0;102.4659;73.21742;0.01536672;0.02658686;-0.9459068;89.06964;88.39021;178.1407;2019/08/06 12:31:42;S
 ;12;76;3;32.56128;37;102.1873;73.21742;-0.278656;0;102.4659;73.21742;0.01402518;0.03000168;-1.010666;89.20529;88.29983;178.1231;2019/08/06 12:31:42;S
 ;12;77;3;32.99805;38;97.36666;116.7053;0;0;97.36666;116.7053;0.0165863;0.03451413;-1.022618;89.0713;88.06721;177.8555;2019/08/06 12:31:42;S
 ;12;78;3;34.61084;39;98.93681;114.7156;0;0;98.93681;114.7156;0.01597651;0.0287821;-0.9850553;89.0712;88.32658;178.0859;2019/08/06 12:31:44;S
 ;12;79;3;35.08105;40;99.86818;74.08334;0;0;99.86818;74.08334;0.01634238;0.02853819;-0.9734693;89.03863;88.32104;178.0652;2019/08/06 12:31:44;S
 ;12;80;3;35.48438;41;98.425;114.6848;0;0;98.425;114.6848;0.01487888;0.02951385;-0.9913971;89.14055;88.295;178.0905;2019/08/06 12:31:45;S
 ;12;81;3;35.51782;41;98.425;114.6848;0;0;98.425;114.6848;0.0165863;0.03061147;-0.988714;89.03938;88.22688;177.9832;2019/08/06 12:31:45;S
 ;12;82;3;37.06348;42;129.1167;79.47121;0;0;129.1167;79.47121;0.01536672;0.02902602;-0.9892018;89.11039;88.31946;178.0983;2019/08/06 12:31:46;S
 ;12;83;3;37.13062;43;137.0061;75.33409;0;0;137.0061;75.33409;0.01548867;0.02866014;-0.9893237;89.10343;88.34084;178.114;2019/08/06 12:31:46;S
 ;12;84;3;37.16431;43;137.0061;75.33409;0;0;137.0061;75.33409;0.01548867;0.02841623;-0.9879822;89.10221;88.35272;178.1239;2019/08/06 12:31:46;S
 ;12;85;3;37.19775;43;136.7067;75.33409;-0.2993774;0;137.0061;75.33409;0.01573259;0.02914798;-0.994812;89.09435;88.32192;178.093;2019/08/06 12:31:46;S
 ;12;86;3;37.53394;44;98.80984;72.64015;0;0;98.80984;72.64015;0.01500084;0.02634294;-0.9829819;89.12601;88.46507;178.2335;2019/08/06 12:31:47;S
 ;12;87;3;37.56738;44;98.61742;72.25751;-0.192421;-0.382637;98.80984;72.64015;0.01548867;0.03219693;-1.000056;89.11314;88.15621;177.9539;2019/08/06 12:31:47;S
 ;12;88;3;38.00415;45;137.7758;74.66061;0;0;137.7758;74.66061;0.01670825;0.02609903;-0.939199;88.98121;88.40849;178.1102;2019/08/06 12:31:47;S
 ;12;89;3;38.03784;45;137.7758;74.37701;0;-0.2835922;137.7758;74.66061;0.01561063;0.03012364;-0.9902995;89.0973;88.25788;178.0378;2019/08/06 12:31:47;S
 ;12;90;3;38.07153;45;137.7758;74.09066;0;-0.2863541;137.7758;74.66061;0.01561063;0.02926993;-0.9950558;89.10159;88.31531;178.0906;2019/08/06 12:31:47;S
 ;12;91;3;39.75269;46;140.3735;72.92879;0;0;140.3735;72.92879;0.01622042;0.02817231;-0.9726155;89.04495;88.34109;178.0857;2019/08/06 12:31:49;S
 ;12;92;3;39.78613;46;140.0593;72.61459;-0.3141785;-0.3142014;140.3735;72.92879;0.01646434;0.0279284;-0.994324;89.05173;88.39133;178.1325;2019/08/06 12:31:49;S
 ;12;93;3;39.81982;46;138.2874;71.78445;-1.771851;-0.8301392;140.3735;72.92879;0.01487888;0.02902602;-0.985909;89.13575;88.31384;178.1052;2019/08/06 12:31:49;S
 ;12;94;3;40.12231;47;97.75151;77.45076;0;0;97.75151;77.45076;0.01378126;0.03048951;-1.031643;89.23499;88.3073;178.1425;2019/08/06 12:31:49;S
 ;12;95;3;40.15601;47;97.44283;77.14207;-0.3086853;-0.3086853;97.75151;77.45076;0.01439105;0.02658686;-0.9613954;89.14273;88.41609;178.1989;2019/08/06 12:31:49;S
 ;12;96;3;40.4917;48;100.8303;34.925;0;0;100.8303;34.925;0.01975721;0.03597763;-1.028106;88.89974;87.99617;177.7136;2019/08/06 12:31:50;S
 ;12;97;3;40.52539;48;100.5314;34.925;-0.2989426;0;100.8303;34.925;0.01524476;0.02683077;-0.9650541;89.09533;88.40765;178.1685;2019/08/06 12:31:50;S
 ;12;98;3;42.27271;49;100.7341;35.11742;0;0;100.7341;35.11742;0.01609846;0.02341595;-0.8902939;88.96443;88.49364;178.1719;2019/08/06 12:31:52;S
 ;12;99;3;42.64233;50;99.96439;78.70152;0;0;99.96439;78.70152;0.01731804;0.02853819;-0.9406626;88.94576;88.26256;177.9676;2019/08/06 12:31:52;S
 ;12;100;3;42.67603;50;99.78389;78.521;-0.1805038;-0.1805115;99.96439;78.70152;0.01439105;0.0279284;-0.9894457;89.16705;88.38335;178.1812;2019/08/06 12:31:52;S
 ;12;101;3;43.07935;51;98.90606;33.77045;0;0;98.90606;33.77045;0.01695217;0.02695273;-0.9339548;88.96056;88.34724;178.0475;2019/08/06 12:31:52;S
 ;12;102;3;44.86035;52;58.01591;77.25833;0;0;58.01591;77.25833;0.01536672;0.02902602;-1.003471;89.12303;88.34334;178.1255;2019/08/06 12:31:54;S
 ;12;103;3;44.89404;52;57.63949;77.25833;-0.3764191;0;58.01591;77.25833;0.01487888;0.03000168;-1.001154;89.14892;88.28371;178.0842;2019/08/06 12:31:54;S
 ;12;104;3;45.26367;53;101.1189;76.9697;0;0;101.1189;76.9697;0.01853763;0.02987972;-1.010422;88.9494;88.30645;178.0069;2019/08/06 12:31:55;S
 ;12;105;3;45.29712;53;101.1189;76.79201;0;-0.1776886;101.1189;76.9697;0.01646434;0.02744056;-1.005666;89.0624;88.43723;178.1774;2019/08/06 12:31:55;S
 ;12;106;3;45.66699;54;100.4455;33.86667;0;0;100.4455;33.86667;0.01451301;0.02987972;-1.020301;89.18541;88.32273;178.1352;2019/08/06 12:31:55;S
 ;12;107;3;45.70044;54;100.3011;33.86667;-0.1443176;0;100.4455;33.86667;0.01402518;0.03012364;-1.005544;89.20126;88.28423;178.1074;2019/08/06 12:31:55;S
 ;12;108;3;47.31348;55;141.047;72.06288;0;0;141.047;72.06288;0.01768392;0.03134322;-1.015057;89.00239;88.23163;177.9694;2019/08/06 12:31:57;S
 ;12;109;3;47.34717;55;140.7933;71.80923;-0.2536469;-0.2536545;141.047;72.06288;0.01500084;0.02695273;-0.9845673;89.12743;88.43208;178.2055;2019/08/06 12:31:57;S
 ;12;110;3;47.68311;56;96.50076;73.89091;0;0;96.50076;73.89091;0.0128056;0.02817231;-1.031155;89.28876;88.43512;178.2811;2019/08/06 12:31:57;S
 ;12;111;3;48.05273;57;96.98181;115.8394;0;0;96.98181;115.8394;0.01536672;0.02939189;-0.9802989;89.10233;88.28284;178.0622;2019/08/06 12:31:57;S
 ;12;112;3;49.80078;58;100.0606;38.29242;0;0;100.0606;38.29242;0.0151228;0.02622098;-0.9700544;89.10718;88.45184;178.2127;2019/08/06 12:31:59;S
 ;12;113;3;49.83423;58;99.91628;38.29242;-0.1443253;0;100.0606;38.29242;0.01500084;0.02914798;-0.9970071;89.13836;88.32559;178.1168;2019/08/06 12:31:59;S
 ;12;114;3;50.17041;59;101.4076;78.41288;0;0;101.4076;78.41288;0.01646434;0.02817231;-0.9671274;89.0251;88.33169;178.0676;2019/08/06 12:31:59;S
 ;12;115;3;50.20386;59;101.2229;78.31667;-0.1846771;-0.09621429;101.4076;78.41288;0.01487888;0.03000168;-0.9713959;89.12288;88.23118;178.0255;2019/08/06 12:31:59;S
 ;12;116;3;50.54004;60;60.03636;73.12122;0;0;60.03636;73.12122;0.01487888;0.02902602;-0.9950558;89.14369;88.32932;178.1226;2019/08/06 12:32:00;S
 ;12;117;3;50.57349;60;59.76483;72.84968;-0.271534;-0.2715378;60.03636;73.12122;0.01475693;0.02841623;-1.007983;89.16158;88.38536;178.1806;2019/08/06 12:32:00;S
 ;12;118;3;52.15259;61;96.01969;116.4167;0;0;96.01969;116.4167;0.01341539;0.03207497;-1.028228;89.25285;88.21342;178.0634;2019/08/06 12:32:01;S
 ;12;119;3;52.48877;62;95.05757;78.74198;0;0;95.05757;78.74198;0.01500084;0.02975777;-0.9981048;89.13933;88.29247;178.0876;2019/08/06 12:32:02;S
 ;12;120;3;52.52246;62;95.05757;78.30598;0;-0.4360046;95.05757;78.74198;0.01402518;0.02780644;-1.007983;89.20313;88.41998;178.2303;2019/08/06 12:32:02;S
 ;12;121;3;52.92529;63;94.4803;35.35963;0;0;94.4803;35.35963;0.01731804;0.02817231;-0.98286;88.99096;88.3584;178.073;2019/08/06 12:32:02;S
 ;12;122;3;52.95874;63;94.4803;35.07218;0;-0.2874527;94.4803;35.35963;0.01609846;0.02902602;-0.9750547;89.05453;88.29511;178.0504;2019/08/06 12:32:02;S
 ;12;123;3;54.7395;64;63.5;75.43031;0;0;63.5;75.43031;0.01561063;0.02902602;-0.9877383;89.09493;88.31698;178.089;2019/08/06 12:32:04;S
 ;12;124;3;55.10913;65;100.3492;75.52651;0;0;100.3492;75.52651;0.01646434;0.03134322;-0.9902995;89.04799;88.18742;177.9524;2019/08/06 12:32:04;S
 ;12;125;3;55.14282;65;100.0143;75.28773;-0.3349838;-0.2387772;100.3492;75.52651;0.01439105;0.02963581;-0.9494435;89.13203;88.21236;178.0127;2019/08/06 12:32:04;S
 ;12;126;3;55.47876;66;57.82349;74.75681;0;0;57.82349;74.75681;0.01865958;0.03219693;-1.006886;88.93885;88.1688;177.8833;2019/08/06 12:32:05;S
 ;12;127;3;55.51221;66;57.82349;74.75681;0;0;57.82349;74.75681;0.01634238;0.03012364;-0.9798111;89.04489;88.23927;177.9968;2019/08/06 12:32:05;S
 ;12;128;3;57.0918;67;133.7348;75.62273;0;0;133.7348;75.62273;0.01524476;0.02963581;-0.9898117;89.11801;88.28522;178.0717;2019/08/06 12:32:06;S
 ;12;129;3;57.12524;67;133.7348;75.45641;0;-0.1663132;133.7348;75.62273;0.01439105;0.02768448;-0.988592;89.16632;88.39608;178.1924;2019/08/06 12:32:06;S
 ;12;130;3;57.15894;67;133.4081;75.00732;-0.3267822;-0.4490967;133.7348;75.62273;0.01524476;0.02841623;-0.9911532;89.11917;88.35798;178.1366;2019/08/06 12:32:06;S
 ;12;131;3;57.46143;68;99.96439;76.39243;0;0;99.96439;76.39243;0.01792783;0.02975777;-0.9987146;88.97205;88.29359;178.0077;2019/08/06 12:32:07;S
 ;12;132;3;57.49512;68;99.7096;76.13763;-0.2547913;-0.2547989;99.96439;76.39243;0.01622042;0.02951385;-0.9918849;89.06353;88.29588;178.0554;2019/08/06 12:32:07;S
 ;12;133;3;57.52856;68;98.6894;75.43501;-1.020203;-0.7026215;99.96439;76.39243;0.01475693;0.02902602;-0.9898117;89.14621;88.32047;178.1158;2019/08/06 12:32:07;S
 ;12;134;3;57.86475;69;55.26672;74.02808;0;0;55.26672;74.02808;0.01292755;0.02926993;-0.9894457;89.25177;88.3057;178.1478;2019/08/06 12:32:07;S
 ;12;135;3;57.89819;69;54.97801;73.73937;-0.2887077;-0.2887115;55.26672;74.02808;0.01585455;0.02853819;-0.9976169;89.08987;88.36163;178.1257;2019/08/06 12:32:07;S
 ;12;136;3;59.5791;70;61.86439;76.87349;0;0;61.86439;76.87349;0.01524476;0.03085539;-1.023838;89.14732;88.27399;178.0747;2019/08/06 12:32:09;S
 ;12;137;3;59.61279;70;61.52765;76.53674;-0.3367386;-0.3367462;61.86439;76.87349;0.01439105;0.02719665;-1.000666;89.17636;88.44332;178.2386;2019/08/06 12:32:09;S
 ;12;138;3;60.01587;71;102.3697;76.68106;0;0;102.3697;76.68106;0.01573259;0.02926993;-0.9957875;89.09524;88.31655;178.0887;2019/08/06 12:32:09;S
 ;12;139;3;60.41919;72;99.67576;117.2826;0;0;99.67576;117.2826;0.01634238;0.03036756;-1.002983;89.06694;88.266;178.0307;2019/08/06 12:32:10;S
 ;12;140;3;60.45288;72;99.39932;117.0061;-0.2764359;-0.2764282;99.67576;117.2826;0.01402518;0.02670881;-0.9718837;89.17353;88.42598;178.2222;2019/08/06 12:32:10;S
 ;12;141;3;62.13281;73;138.9303;73.79469;0;0;138.9303;73.79469;0.01536672;0.02768448;-0.9726155;89.0952;88.36977;178.1354;2019/08/06 12:32:11;S
 ;12;142;3;62.1665;73;138.9303;73.79469;0;0;138.9303;73.79469;0.01463497;0.02951385;-0.9888359;89.15244;88.29058;178.0919;2019/08/06 12:32:11;S
 ;12;143;3;62.2002;73;138.8341;73.79469;-0.09620667;0;138.9303;73.79469;0.01585455;0.02926993;-0.9906653;89.08352;88.30786;178.0755;2019/08/06 12:32:11;S
 ;12;144;3;62.53613;74;100.253;79.75985;0;0;100.253;79.75985;0.01780588;0.02744056;-0.9070021;88.87585;88.26743;177.9345;2019/08/06 12:32:12;S
 ;12;145;3;62.56982;74;99.95279;79.45961;-0.3002396;-0.3002396;100.253;79.75985;0.01536672;0.02951385;-0.9845673;89.10622;88.2832;178.0644;2019/08/06 12:32:12;S
 ;12;146;3;62.90576;75;58.68939;76.39243;0;0;58.68939;76.39243;0.01609846;0.03085539;-0.953712;89.03345;88.14722;177.9101;2019/08/06 12:32:12;S
 ;12;147;3;62.93945;75;58.48857;76.1916;-0.2008171;-0.2008286;58.68939;76.39243;0.01439105;0.02926993;-0.9648103;89.14583;88.26251;178.0638;2019/08/06 12:32:12;S
 ;12;148;3;64.48438;76;96.78918;114.6846;0;0;96.78918;114.6846;0.01646434;0.0287821;-0.9921288;89.04966;88.33852;178.0858;2019/08/06 12:32:14;S
 ;12;149;3;64.85376;77;98.90606;76.58485;0;0;98.90606;76.58485;0.01683021;0.0287821;-0.9402966;88.97506;88.24702;177.9692;2019/08/06 12:32:14;S
 ;12;150;3;64.88745;77;98.72179;76.30437;-0.1842651;-0.2804718;98.90606;76.58485;0.01500084;0.02768448;-1.013471;89.15231;88.43543;178.2205;2019/08/06 12:32:14;S
 ;12;151;3;65.1897;78;98.425;32.71212;0;0;98.425;32.71212;0.01609846;0.03146518;-1.044693;89.11755;88.27502;178.0622;2019/08/06 12:32:14;S
 ;12;152;3;66.90356;79;97.17424;37.13788;0;0;97.17424;37.13788;0.01414714;0.02670881;-0.9963974;89.18684;88.46468;178.2626;2019/08/06 12:32:16;S
 ;12;153;3;66.93701;79;97.17424;37.13788;0;0;97.17424;37.13788;0.01573259;0.02866014;-0.9893237;89.08932;88.34084;178.1072;2019/08/06 12:32:16;S
 ;12;154;3;67.30664;80;97.36666;71.38939;0;0;97.36666;71.38939;0.01646434;0.03073343;-0.994446;89.05193;88.23007;177.9919;2019/08/06 12:32:17;S
 ;12;155;3;67.7771;81;96.55908;116.5129;0;0;96.55908;116.5129;0.01475693;0.02866014;-0.997495;89.15277;88.3544;178.1491;2019/08/06 12:32:17;S
 ;12;156;3;69.86108;82;99.29091;112.2795;0;0;99.29091;112.2795;0.01573259;0.02866014;-0.9898117;89.08977;88.34166;178.1081;2019/08/06 12:32:19;S
 ;12;157;3;69.89453;82;99.19852;111.81;-0.09238434;-0.4695892;99.29091;112.2795;0.01634238;0.02841623;-0.9909093;89.05553;88.3576;178.1053;2019/08/06 12:32:19;S
 ;12;158;3;70.16357;83;99.86818;74.85303;0;0;99.86818;74.85303;0.01622042;0.03048951;-0.9981048;89.06938;88.25053;178.0183;2019/08/06 12:32:19;S
 ;12;159;3;70.19702;83;99.76935;74.36935;-0.09883118;-0.4836731;99.86818;74.85303;0.01402518;0.02805035;-0.9929825;89.19111;88.38206;178.1909;2019/08/06 12:32:19;S
 ;12;160;3;70.23071;83;99.6286;74.37196;-0.1407471;0.002609253;99.86818;74.85303;0.01597651;0.02841623;-0.9933484;89.07893;88.36162;178.1204;2019/08/06 12:32:20;S
 ;12;161;3;70.60034;84;63.69242;73.89091;0;0;63.69242;73.89091;0.01439105;0.02975777;-0.9979828;89.17421;88.29224;178.103;2019/08/06 12:32:20;S
 ;12;162;3;72.21289;85;98.90606;118.1485;0;0;98.90606;118.1485;0.0128056;0.03317259;-1.06567;89.31187;88.21718;178.0889;2019/08/06 12:32:21;S
 ;12;163;3;72.24658;85;98.7023;117.9447;-0.2037582;-0.2037354;98.90606;118.1485;0.01500084;0.02914798;-0.9723716;89.11655;88.2832;178.0691;2019/08/06 12:32:22;S
 ;12;164;3;72.58252;86;100.6379;76.00758;0;0;100.6379;76.00758;0.01463497;0.02890406;-0.9860309;89.15002;88.32111;178.1181;2019/08/06 12:32:22;S
 ;12;165;3;72.61621;86;100.4408;75.81054;-0.1970291;-0.1970367;100.6379;76.00758;0.01475693;0.02939189;-1.003593;89.15793;88.32265;178.1231;2019/08/06 12:32:22;S
 ;12;166;3;72.6499;86;100.055;75.42471;-0.3858337;-0.3858337;100.6379;76.00758;0.01634238;0.02975777;-0.9721277;89.03735;88.24691;177.9998;2019/08/06 12:32:22;S
 ;12;167;3;73.01953;87;59.65151;73.31364;0;0;59.65151;73.31364;0.01536672;0.02756252;-0.9341987;89.05803;88.31026;178.0654;2019/08/06 12:32:22;S
 ;12;168;3;74.7666;88;60.80606;79.47121;0;0;60.80606;79.47121;0.01536672;0.02914798;-0.9870065;89.10842;88.30865;178.088;2019/08/06 12:32:24;S
 ;12;169;3;74.80005;88;59.51782;78.36365;-1.288242;-1.107567;60.80606;79.47121;0.01463497;0.0287821;-0.9928606;89.15586;88.33969;178.1373;2019/08/06 12:32:24;S
 ;12;170;3;74.83374;88;58.69918;77.55676;-0.818634;-0.8068848;60.80606;79.47121;0.01707413;0.03012364;-0.991519;89.0139;88.26007;177.9998;2019/08/06 12:32:24;S
 ;12;171;3;75.16968;89;97.75151;76.29621;0;0;97.75151;76.29621;0.01536672;0.03000168;-0.9694446;89.09231;88.22763;178.0085;2019/08/06 12:32:24;S
 ;12;172;3;75.20337;89;97.75151;76.29621;0;0;97.75151;76.29621;0.01670825;0.0287821;-0.9755425;89.0192;88.3103;178.0462;2019/08/06 12:32:24;S
 ;12;173;3;75.23706;89;97.75151;76.29621;0;0;97.75151;76.29621;0.01500084;0.02841623;-0.9895676;89.13187;88.35534;178.14;2019/08/06 12:32:24;S
 ;12;174;3;75.573;90;136.0439;73.48061;0;0;136.0439;73.48061;0.01536672;0.02866014;-0.9563951;89.0799;88.28375;178.0526;2019/08/06 12:32:25;S
 ;12;175;3;75.60645;90;136.0439;73.19503;0;-0.2855759;136.0439;73.48061;0.01634238;0.03073343;-1.006398;89.07011;88.25107;178.0191;2019/08/06 12:32:25;S
 ;12;176;3;77.38721;91;97.27045;37.52273;0;0;97.27045;37.52273;0.0151228;0.02548923;-0.9557853;89.09383;88.47256;178.2239;2019/08/06 12:32:27;S
 ;12;177;3;77.4209;91;97.17424;37.52273;-0.09621429;0;97.27045;37.52273;0.01609846;0.02890406;-0.9940801;89.0726;88.33474;178.0938;2019/08/06 12:32:27;S
 ;12;178;3;77.75684;92;99.19469;76.68106;0;0;99.19469;76.68106;0.01573259;0.03048951;-1.003349;89.10208;88.25965;178.0416;2019/08/06 12:32:27;S
 ;12;179;3;77.79053;92;99.05814;76.68106;-0.1365509;0;99.19469;76.68106;0.01756196;0.02975777;-1.015179;89.00934;88.32123;178.0505;2019/08/06 12:32:27;S
 ;12;180;3;77.82397;92;98.821;76.30736;-0.2371445;-0.373703;99.19469;76.68106;0.01439105;0.02829427;-0.9839576;89.16241;88.35306;178.1522;2019/08/06 12:32:27;S
 ;12;181;3;78.16089;93;98.13636;33.28939;0;0;98.13636;33.28939;0.01646434;0.03048951;-1.021765;89.07725;88.29102;178.0577;2019/08/06 12:32:27;S
 ;12;182;3;79.80786;94;135.6591;78.22045;0;0;135.6591;78.22045;0.01548867;0.02963581;-1.013715;89.12501;88.32563;178.1107;2019/08/06 12:32:29;S
 ;12;183;3;79.84131;94;135.6591;77.77477;0;-0.4456787;135.6591;78.22045;0.01585455;0.02963581;-0.9895676;89.08251;88.28482;178.0548;2019/08/06 12:32:29;S
 ;12;184;3;79.875;94;135.8783;76.76646;0.2191772;-1.008316;135.6591;78.22045;0.01536672;0.0287821;-0.9924947;89.11333;88.3391;178.1171;2019/08/06 12:32:29;S
 ;12;185;3;80.58081;95;101.5038;71.4856;0;0;101.5038;71.4856;0.0151228;0.02963581;-1.020667;89.15149;88.33702;178.1329;2019/08/06 12:32:30;S
 ;12;186;3;80.61426;95;101.248;71.2298;-0.255806;-0.255806;101.5038;71.4856;0.01548867;0.02926993;-0.9988365;89.11198;88.32168;178.1011;2019/08/06 12:32:30;S
 ;12;187;3;80.9834;96;99.00227;118.822;0;0;99.00227;118.822;0.01634238;0.03073343;-1.016642;89.07948;88.26868;178.039;2019/08/06 12:32:30;S
 ;12;188;3;81.01709;96;98.76174;118.822;-0.2405319;0;99.00227;118.822;0.01683021;0.02975777;-1.003837;89.03989;88.30225;178.0495;2019/08/06 12:32:30;S
 ;12;189;3;82.5957;97;96.78939;117.6674;0;0;96.78939;117.6674;0.01536672;0.0279284;-0.9840795;89.10574;88.37457;178.1448;2019/08/06 12:32:32;S
 ;12;190;3;82.62939;97;96.48882;117.3669;-0.3005753;-0.3005753;96.78939;117.6674;0.01573259;0.02914798;-0.9977389;89.097;88.32684;178.0985;2019/08/06 12:32:32;S
 ;12;191;3;82.99902;98;96.69318;77.25833;0;0;96.69318;77.25833;0.01500084;0.02902602;-1.008593;89.14825;88.35174;178.1446;2019/08/06 12:32:32;S
 ;12;192;3;83.03247;98;96.59697;76.96465;-0.09621429;-0.2936783;96.69318;77.25833;0.01402518;0.0279284;-0.974201;89.17552;88.35806;178.1626;2019/08/06 12:32:32;S
 ;12;193;3;83.33472;99;95.34621;36.36818;0;0;95.34621;36.36818;0.01780588;0.02829427;-1.047742;89.02673;88.45332;178.1724;2019/08/06 12:32:33;S
 ;12;194;3;83.36841;99;95.34621;36.36818;0;0;95.34621;36.36818;0.01609846;0.03012364;-0.9952997;89.07377;88.26665;178.0346;2019/08/06 12:32:33;S
 ;12;195;3;85.11621;100;97.84772;36.36818;0;0;97.84772;36.36818;0.01719609;0.02939189;-0.9871286;89.00243;88.29477;178.0241;2019/08/06 12:32:34;S
 ;12;196;3;85.45215;101;97.36666;77.83561;0;0;97.36666;77.83561;0.01231776;0.03146518;-1.064572;89.33736;88.30713;178.1819;2019/08/06 12:32:35;S
 ;12;197;3;85.48584;101;97.36666;77.83561;0;0;97.36666;77.83561;0.01646434;0.0279284;-1.011398;89.06773;88.41846;178.164;2019/08/06 12:32:35;S
 ;12;198;3;85.82202;102;134.9856;75.52651;0;0;134.9856;75.52651;0.01646434;0.02585511;-0.9500533;89.00753;88.44135;178.1521;2019/08/06 12:32:35;S
 ;12;199;3;85.85547;102;134.9856;75.52651;0;0;134.9856;75.52651;0.01536672;0.0287821;-0.994812;89.1154;88.34296;178.1215;2019/08/06 12:32:35;S
 ;12;200;3;87.60303;103;58.20834;73.025;0;0;58.20834;73.025;0.01585455;0.02939189;-1.004325;89.09597;88.32391;178.0956;2019/08/06 12:32:37;S
 ;12;201;3;87.63672;103;58.20834;73.025;0;0;58.20834;73.025;0.01500084;0.02902602;-1.008349;89.14804;88.35133;178.1442;2019/08/06 12:32:37;S
 ;12;202;3;87.97217;104;101.7924;74.46819;0;0;101.7924;74.46819;0.01341539;0.02939189;-1.031277;89.255;88.36761;178.2056;2019/08/06 12:32:37;S
 ;12;203;3;88.00562;104;101.7924;74.46819;0;0;101.7924;74.46819;0.01463497;0.02902602;-0.9996902;89.16163;88.33706;178.1376;2019/08/06 12:32:37;S
 ;12;204;3;88.37524;105;135.2742;76.39243;0;0;135.2742;76.39243;0.0151228;0.02866014;-0.9931045;89.12794;88.34714;178.131;2019/08/06 12:32:38;S
 ;12;205;3;88.40869;105;135.2742;76.39243;0;0;135.2742;76.39243;0.01573259;0.02853819;-1.002983;89.10171;88.37038;178.139;2019/08/06 12:32:38;S
 ;12;206;3;90.12329;106;58.88182;76.29621;0;0;58.88182;76.29621;0.01646434;0.02914798;-0.9949338;89.05235;88.32215;178.0729;2019/08/06 12:32:39;S
 ;12;207;3;90.15674;106;58.78561;76.2;-0.09621048;-0.09621429;58.88182;76.29621;0.01597651;0.02805035;-0.9933484;89.07893;88.38271;178.1387;2019/08/06 12:32:39;S
 ;12;208;3;90.45923;107;100.6379;76.2;0;0;100.6379;76.2;0.01536672;0.02902602;-0.988592;89.10984;88.31842;178.0973;2019/08/06 12:32:40;S
 ;12;209;3;90.49292;107;100.6379;76.2;0;0;100.6379;76.2;0.0151228;0.0287821;-0.9920068;89.12698;88.33827;178.1228;2019/08/06 12:32:40;S
 ;12;210;3;90.79541;108;99.00227;111.4136;0;0;99.00227;111.4136;0.01475693;0.02805035;-0.9761523;89.13425;88.35421;178.1404;2019/08/06 12:32:40;S
 ;12;211;3;90.82886;108;98.85796;111.4136;-0.1443176;0;99.00227;111.4136;0.01561063;0.02939189;-1.012862;89.11737;88.33801;178.1181;2019/08/06 12:32:40;S
 ;12;212;3;90.86255;108;98.85796;111.4136;0;0;99.00227;111.4136;0.01548867;0.03012364;-0.9796891;89.09467;88.23903;178.0198;2019/08/06 12:32:40;S
 ;12;213;3;92.5769;109;60.90227;74.17954;0;0;60.90227;74.17954;0.01585455;0.02926993;-0.9894457;89.08239;88.30578;178.0731;2019/08/06 12:32:42;S
 ;12;214;3;92.61035;109;60.90227;73.90849;0;-0.2710495;60.90227;74.17954;0.01634238;0.02975777;-0.9981048;89.06237;88.2925;178.0519;2019/08/06 12:32:42;S
 ;12;215;3;92.98022;110;101.046;75.71893;0;0;101.046;75.71893;0.01695217;0.02926993;-1.009447;89.03829;88.33935;178.0809;2019/08/06 12:32:42;S
 ;12;216;3;93.01392;110;99.77132;75.86874;-1.274666;0.1498108;101.046;75.71893;0.01500084;0.02866014;-0.9956656;89.13719;88.35138;178.1391;2019/08/06 12:32:42;S
 ;12;217;3;93.31641;111;56.18788;76.00758;0;0;56.18788;76.00758;0.01585455;0.02805035;-0.9862748;89.07941;88.37112;178.1288;2019/08/06 12:32:43;S
 ;12;218;3;93.34985;111;55.83489;75.65459;-0.3529854;-0.3529892;56.18788;76.00758;0.01475693;0.02926993;-0.9928606;89.14884;88.31157;178.1091;2019/08/06 12:32:43;S
 ;12;219;3;95.03003;112;95.53864;114.7811;0;0;95.53864;114.7811;0.0165863;0.02975777;-0.9985926;89.04884;88.29333;178.046;2019/08/06 12:32:44;S
 ;12;220;3;95.3999;113;100.9265;76.58485;0;0;100.9265;76.58485;0.01475693;0.02975777;-0.9952997;89.15094;88.28765;178.0886;2019/08/06 12:32:45;S
 ;12;221;3;95.43359;113;100.6753;76.33366;-0.2511826;-0.2511902;100.9265;76.58485;0.01463497;0.02841623;-0.959688;89.1267;88.30417;178.0924;2019/08/06 12:32:45;S
 ;12;222;3;95.73608;114;57.05378;75.62273;0;0;57.05378;75.62273;0.01561063;0.02926993;-0.9965193;89.10291;88.31779;178.0934;2019/08/06 12:32:45;S
 ;12;223;3;95.76953;114;57.05378;75.28599;0;-0.3367386;57.05378;75.62273;0.01378126;0.02670881;-1.01652;89.22353;88.49505;178.3065;2019/08/06 12:32:45;S
 ;12;224;3;97.48511;115;98.77064;36.5214;0;0;98.77064;36.5214;0.01524476;0.02890406;-1.008349;89.13419;88.35827;178.1437;2019/08/06 12:32:47;S
 ;12;225;3;97.51855;115;98.71364;36.56061;-0.05699921;0.03920746;98.77064;36.5214;0.01402518;0.03073343;-0.9992024;89.1962;88.23843;178.0636;2019/08/06 12:32:47;S
 ;12;226;3;97.82056;116;100.8996;73.09429;0;0;100.8996;73.09429;0.01585455;0.0287821;-1.004081;89.09573;88.35826;178.1254;2019/08/06 12:32:47;S
 ;12;227;3;97.85425;116;100.4907;73.025;-0.4088745;-0.06929016;100.8996;73.09429;0.01634238;0.02951385;-0.9957875;89.06018;88.30254;178.0596;2019/08/06 12:32:47;S
 ;12;228;3;98.12305;117;58.30454;76.68106;0;0;58.30454;76.68106;0.01597651;0.02951385;-0.9822502;89.06857;88.27917;178.0432;2019/08/06 12:32:47;S
 ;12;229;3;98.15674;117;57.98716;76.45988;-0.3173866;-0.2211761;58.30454;76.68106;0.01500084;0.02890406;-0.9900556;89.13231;88.32795;178.1161;2019/08/06 12:32:47;S
 ;12;230;3;98.19019;117;58.04473;76.48864;0.05757523;0.02875519;58.30454;76.68106;0.01683021;0.03000168;-0.9810306;89.0176;88.2486;177.9918;2019/08/06 12:32:47;S
 ;12;231;3;99.83691;118;58.97803;75.10522;0;0;58.97803;75.10522;0.01719609;0.03048951;-0.9945679;89.00991;88.24435;177.9843;2019/08/06 12:32:49;S
 ;12;232;3;100.1731;119;104.3902;75.91136;0;0;104.3902;75.91136;0.01500084;0.02951385;-0.997129;89.13848;88.30479;178.0984;2019/08/06 12:32:49;S
 ;12;233;3;100.2065;119;104.074;75.91136;-0.316185;0;104.3902;75.91136;0.01634238;0.0302456;-0.9959095;89.06032;88.2607;178.0229;2019/08/06 12:32:49;S
 ;12;234;3;100.2402;119;103.6675;75.79057;-0.4064713;-0.1207962;104.3902;75.91136;0.01585455;0.02902602;-0.9870065;89.08012;88.31573;178.0808;2019/08/06 12:32:50;S
 ;12;235;3;100.5427;120;57.82349;74.37196;0;0;57.82349;74.37196;0.01695217;0.03195301;-0.9728594;89.00225;88.11911;177.8706;2019/08/06 12:32:50;S
 ;12;236;3;100.5762;120;57.61483;74.16332;-0.2086525;-0.2086411;57.82349;74.37196;0.01536672;0.02805035;-0.9928606;89.11364;88.3819;178.1549;2019/08/06 12:32:50;S
 ;12;237;3;100.6099;120;57.53485;74.17954;-0.07998657;0.01622009;57.82349;74.37196;0.0165863;0.02939189;-0.9989585;89.04918;88.31493;178.065;2019/08/06 12:32:50;S
 ;12;238;3;102.1892;121;137.6795;76.87349;0;0;137.6795;76.87349;0.0165863;0.02939189;-0.994324;89.04475;88.30708;178.056;2019/08/06 12:32:51;S
 ;12;239;3;102.2229;121;137.6795;76.58878;0;-0.2847061;137.6795;76.87349;0.01719609;0.03085539;-1.00091;89.01619;88.23454;177.9788;2019/08/06 12:32:51;S
 ;12;240;3;102.2566;121;137.7758;76.10962;0.09622192;-0.4791641;137.6795;76.87349;0.01585455;0.0279284;-0.9928606;89.0855;88.38894;178.1474;2019/08/06 12:32:52;S
 ;12;241;3;102.5591;122;96.11591;78.02803;0;0;96.11591;78.02803;0.01439105;0.02805035;-1.017862;89.19028;88.42159;178.2259;2019/08/06 12:32:52;S
 ;12;242;3;102.5925;122;95.83971;77.93182;-0.276207;-0.09621429;96.11591;78.02803;0.01341539;0.0310993;-0.9744449;89.21165;88.1722;178.0092;2019/08/06 12:32:52;S
 ;12;243;3;102.6262;122;95.73106;77.74997;-0.1086426;-0.1818466;96.11591;78.02803;0.01548867;0.0279284;-0.9918849;89.10573;88.38735;178.1559;2019/08/06 12:32:52;S
 ;12;244;3;102.9622;123;139.1227;75.62273;0;0;139.1227;75.62273;0.01622042;0.02829427;-1.003105;89.07396;88.38451;178.1376;2019/08/06 12:32:52;S
 ;12;245;3;104.6089;124;61.19091;76.29621;0;0;61.19091;76.29621;0.01609846;0.02939189;-0.991519;89.07022;88.30228;178.0642;2019/08/06 12:32:54;S
 ;12;246;3;104.6426;124;60.95038;76.2;-0.2405319;-0.09621429;61.19091;76.29621;0.01573259;0.02866014;-0.9901775;89.0901;88.34227;178.1089;2019/08/06 12:32:54;S
 ;12;247;3;104.877;125;96.11591;71.87045;0;0;96.11591;71.87045;0.01439105;0.03048951;-0.9824941;89.16122;88.22271;178.0347;2019/08/06 12:32:54;S
 ;12;248;3;104.9106;125;96.11591;71.77424;0;-0.09621429;96.11591;71.87045;0.01548867;0.02951385;-0.9851772;89.09969;88.28426;178.0622;2019/08/06 12:32:54;S
 ;12;249;3;105.2463;126;141.9129;74.08334;0;0;141.9129;74.08334;0.01622042;0.02890406;-1.00713;89.07767;88.35631;178.1153;2019/08/06 12:32:54;S
 ;12;250;3;106.8945;127;140.3735;74.36183;0;0;140.3735;74.36183;0.01573259;0.02744056;-0.9599319;89.06142;88.36281;178.1127;2019/08/06 12:32:56;S
 ;12;251;3;106.9282;127;140.2703;73.7737;-0.1031952;-0.5881348;140.3735;74.36183;0.01500084;0.02866014;-0.9996902;89.14066;88.35802;178.1467;2019/08/06 12:32:56;S
 ;12;252;3;106.9619;127;139.7757;73.00449;-0.4945831;-0.7692108;140.3735;74.36183;0.01646434;0.02975777;-0.994446;89.0519;88.28622;178.0412;2019/08/06 12:32:56;S
 ;12;253;3;107.3318;128;98.80984;74.27576;0;0;98.80984;74.27576;0.01585455;0.02975777;-0.9965193;89.08891;88.28977;178.0621;2019/08/06 12:32:57;S
 ;12;254;3;107.7344;129;139.9886;75.91136;0;0;139.9886;75.91136;0.0165863;0.02414769;-0.965176;89.01579;88.56702;178.2616;2019/08/06 12:32:57;S
 ;12;255;3;107.7681;129;139.7547;75.91136;-0.2339325;0;139.9886;75.91136;0.01426909;0.02939189;-0.9884701;89.17332;88.297;178.1068;2019/08/06 12:32:57;S
 ;12;256;3;109.3809;130;102.3697;114.1076;0;0;102.3697;114.1076;0.01463497;0.02890406;-0.98286;89.14729;88.3157;178.1121;2019/08/06 12:32:59;S
 ;12;257;3;109.4146;130;102.2815;113.9231;-0.08823395;-0.1844482;102.3697;114.1076;0.01561063;0.0279284;-0.9950558;89.10155;88.39249;178.1583;2019/08/06 12:32:59;S
 ;12;258;3;109.6833;131;100.6379;70.90833;0;0;100.6379;70.90833;0.01597651;0.02975777;-1.005056;89.08969;88.30429;178.0753;2019/08/06 12:32:59;S
 ;12;259;3;109.717;131;100.4936;70.90833;-0.1443176;0;100.6379;70.90833;0.01744;0.02902602;-0.9904214;88.99163;88.32158;178.0419;2019/08/06 12:32:59;S
 ;12;260;3;110.0867;132;98.52122;117.8598;0;0;98.52122;117.8598;0.01439105;0.02926993;-0.9694446;89.14991;88.27081;178.073;2019/08/06 12:32:59;S
 ;12;261;3;111.9011;133;97.355;38.96591;0;0;97.355;38.96591;0.01536672;0.03073343;-1.019813;89.13712;88.27403;178.0703;2019/08/06 12:33:01;S
 ;12;262;3;112.1694;134;95.73106;74.66061;0;0;95.73106;74.66061;0.01597651;0.0302456;-1.000056;89.08515;88.2679;178.0409;2019/08/06 12:33:01;S
 ;12;263;3;112.2029;134;95.73106;74.97298;0;0.3123779;95.73106;74.66061;0.01536672;0.03036756;-0.9913971;89.1124;88.24573;178.0339;2019/08/06 12:33:01;S
 ;12;264;3;112.5388;135;100.5417;115.8394;0;0;100.5417;115.8394;0.01500084;0.02817231;-1.019325;89.15719;88.41702;178.2065;2019/08/06 12:33:02;S
 ;12;265;3;114.2864;136;98.425;37.04167;0;0;98.425;37.04167;0.0165863;0.02670881;-0.9546877;89.00506;88.39772;178.1138;2019/08/06 12:33:04;S
 ;12;266;3;114.6228;137;97.36666;74.56439;0;0;97.36666;74.56439;0.01609846;0.02866014;-0.9950558;89.0735;88.3504;178.1079;2019/08/06 12:33:04;S
 ;12;267;3;114.6558;137;97.36666;74.77322;0;0.2088242;97.36666;74.56439;0.01426909;0.02695273;-1.061279;89.22993;88.54533;178.3539;2019/08/06 12:33:04;S
 ;12;268;3;114.9246;138;99.19469;118.4371;0;0;99.19469;118.4371;0.01439105;0.02756252;-0.9851772;89.16343;88.39761;178.1922;2019/08/06 12:33:04;S
 ;12;269;3;114.958;138;99.19469;118.5333;0;0.09619904;99.19469;118.4371;0.01573259;0.02866014;-0.9744449;89.07542;88.31553;178.0784;2019/08/06 12:33:04;S
 ;12;270;3;116.6721;139;100.5417;37.61894;0;0;100.5417;37.61894;0.01622042;0.03146518;-1.041888;89.10847;88.27039;178.0541;2019/08/06 12:33:06;S
 ;12;271;3;116.9746;140;99.00227;73.89091;0;0;99.00227;73.89091;0.01683021;0.03036756;-0.994446;89.03085;88.25114;178.0003;2019/08/06 12:33:06;S
 ;12;272;3;117.0083;140;99.00227;73.79469;0;-0.09621429;99.00227;73.89091;0.01695217;0.02987972;-0.994812;89.02418;88.27985;178.0222;2019/08/06 12:33:06;S
 ;12;273;3;117.3445;141;136.3021;79.88654;0;0;136.3021;79.88654;0.01683021;0.03122126;-0.9927386;89.02921;88.19892;177.9538;2019/08/06 12:33:07;S
 ;12;274;3;117.3779;141;137.011;79.17763;0.7089233;-0.7089157;136.3021;79.88654;0.01548867;0.02926993;-0.9834698;89.09812;88.29548;178.0715;2019/08/06 12:33:07;S
 ;12;275;3;117.4116;141;137.6501;78.21259;0.6390839;-0.9650345;136.3021;79.88654;0.01597651;0.03061147;-1.00591;89.09048;88.25715;178.034;2019/08/06 12:33:07;S
 ;12;276;3;119.0925;142;97.94393;35.30985;0;0;97.94393;35.30985;0.01573259;0.02597707;-0.965176;89.06648;88.45849;178.1978;2019/08/06 12:33:08;S
 ;12;277;3;119.126;142;97.74097;35.30985;-0.2029572;0;97.94393;35.30985;0.0151228;0.02719665;-0.9793232;89.11564;88.40944;178.1799;2019/08/06 12:33:08;S
 ;12;278;3;119.4285;143;97.94393;78.6053;0;0;97.94393;78.6053;0.01585455;0.02866014;-0.9642004;89.05836;88.29765;178.0545;2019/08/06 12:33:09;S
 ;12;279;3;119.4622;143;97.94393;78.6053;0;0;97.94393;78.6053;0.01353735;0.02987972;-0.9360281;89.17183;88.17182;177.9929;2019/08/06 12:33:09;S
 ;12;280;3;119.7983;144;139.0265;75.62273;0;0;139.0265;75.62273;0.01451301;0.02744056;-0.9823722;89.15393;88.40014;178.1902;2019/08/06 12:33:09;S
