ID;StudyID;UserID;Age;Gender;PlayingHand;DominantHand;LongNails;DominantEye;TargetID;TargetSize;TargetDistance;ColliderSize;HitType;Outset;Goal;MistakeOccured;TargetCombition;RoundID;Repetition;Clockwise;TouchID;CrossTargets;Delay;ConditionID;TouchTime;LiftTime;DeltaHitTime;TargetX;TargetY;TouchX;TouchY;TouchOffsetX;TouchOffsetY;LiftX;LiftY;LiftOffsetX;LiftOffsetY;TouchDuration;TouchDeltaX;TouchDeltaY;RotationDegreeX;RotationDegreeY;RotationDegreeZ;TimeStamp;Potition
 ;12;15;51;M;R;R;no;R;0;7.2;-1;21.6;Outset;W;E;No;WE; ; ; ;0;True;1; ;1.244141;1.412109;1.244141;58.52121;73.89091;58.88182;83.31969;0.3606071;9.428787;57.24622;81.10681;-1.274994;7.215904;0.1679688; ; ;82.90032;90.52643;172.8806;2019/08/07 14:33:38;C
 ;12;15;51;M;R;R;no;R;0;7.2;40.00001;21.6;Center;W;E;No;WE; ; ; ;1;True;1; ;2.017578;2.050781;0.7734375;98.52122;73.89091;101.6962;70.81212;3.174995;-3.078789;101.6962;70.81212;3.174995;-3.078789;0.03320313; ; ;83.31991;89.02205;173.2481;2019/08/07 14:33:38;C
 ;12;15;51;M;R;R;no;R;0;7.2;39.99999;21.6;Goal;W;E;No;WE; ; ; ;2;True;1; ;2.521484;2.555664;0.5039063;138.5212;73.89091;140.7102;71.91856;2.189011;-1.972343;140.6621;71.96667;2.140915;-1.92424;0.03417969; ; ;85.36305;87.55222;174.7541;2019/08/07 14:33:39;C
 ;12;15;51;M;R;R;no;R;1;7.2;-1;21.6;Outset;E;W;No;EW; ; ; ;3;True;1; ;4.169922;4.236328;1.648438;138.5212;73.89091;142.875;75.52651;4.35379;1.635605;142.3939;75.33409;3.872726;1.443184;0.06640625; ; ;84.03757;92.39242;173.5723;2019/08/07 14:33:41;C
 ;12;15;51;M;R;R;no;R;1;7.2;39.99999;21.6;Center;E;W;No;EW; ; ; ;4;True;1; ;4.707031;4.774414;0.5371094;98.52122;73.89091;98.52122;72.59204;0;-1.298866;98.23257;72.64015;-0.2886429;-1.250755;0.06738281; ; ;82.13692;90.04291;172.1368;2019/08/07 14:33:41;C
 ;12;15;51;M;R;R;no;R;1;7.2;40.00001;21.6;Goal;E;W;No;EW; ; ; ;5;True;1; ;5.144531;5.245117;0.4375;58.52121;73.89091;57.72727;72.2553;-0.7939377;-1.635605;57.34242;71.96667;-1.178787;-1.92424;0.1005859; ; ;81.6274;88.78743;171.5388;2019/08/07 14:33:42;C
 ;12;15;51;M;R;R;no;R;2;7.2;-1;21.6;Outset;W;W;No;WW; ; ; ;6;True;1; ;6.892578;6.959961;1.748047;58.52121;73.89091;57.13833;76.18833;-1.382881;2.297424;57.15;76.10378;-1.371212;2.212875;0.06738281; ; ;81.34127;88.60366;171.2277;2019/08/07 14:33:43;C
 ;12;15;51;M;R;R;no;R;2;7.2;40.00001;21.6;Center;W;W;No;WW; ; ; ;7;True;1; ;7.397461;7.430664;0.5048828;98.52122;73.89091;98.61742;76.39243;0.09620667;2.501518;98.52122;76.09282;0;2.201912;0.03320313; ; ;84.3084;87.36599;173.7248;2019/08/07 14:33:44;C
 ;12;15;51;M;R;R;no;R;2;7.2;40.00001;21.6;Goal;W;W;No;WW; ; ; ;8;True;1; ;8.103516;8.169922;0.7060547;58.52121;73.89091;57.15;76.58485;-1.371212;2.693939;56.95758;76.15189;-1.563633;2.260986;0.06640625; ; ;80.83392;89.68969;170.8286;2019/08/07 14:33:45;C
 ;12;15;51;M;R;R;no;R;3;7.2;-1;21.6;Outset;W;E;No;WE; ; ; ;9;True;1; ;9.852539;9.919922;1.749023;58.52121;73.89091;55.18331;74.04089;-3.337898;0.1499786;55.61061;74.17954;-2.910603;0.2886353;0.06738281; ; ;79.17265;88.51111;169.0683;2019/08/07 14:33:46;C
 ;12;15;51;M;R;R;no;R;3;7.2;40.00001;21.6;Center;W;E;No;WE; ; ; ;10;True;1; ;10.32324;10.39063;0.4707031;98.52122;73.89091;100.253;77.73939;1.731812;3.84848;100.253;77.54697;1.731812;3.656059;0.06738281; ; ;81.36464;89.10682;171.3179;2019/08/07 14:33:47;C
 ;12;15;51;M;R;R;no;R;3;7.2;39.99999;21.6;Goal;W;E;No;WE; ; ; ;11;True;1; ;10.72656;10.79395;0.4033203;138.5212;73.89091;141.7205;74.24176;3.199249;0.350853;141.4318;73.98712;2.910614;0.09621429;0.06738281; ; ;80.42936;90.3838;170.4215;2019/08/07 14:33:47;C
 ;12;15;51;M;R;R;no;R;4;7.2;-1;21.6;Outset;W;W;No;WW; ; ; ;12;True;1; ;12.34082;12.4082;1.614258;58.52121;73.89091;56.76515;74.94924;-1.756058;1.058334;56.76515;74.17954;-1.756058;0.2886353;0.06738281; ; ;79.01958;87.93204;168.8218;2019/08/07 14:33:49;C
 ;12;15;51;M;R;R;no;R;4;7.2;40.00001;21.6;Center;W;W;No;WW; ; ; ;13;True;1; ;12.77734;12.84473;0.4365234;98.52122;73.89091;100.5417;76.87349;2.020447;2.982582;100.5417;76.55685;2.020447;2.665947;0.06738281; ; ;81.24252;88.06648;171.0283;2019/08/07 14:33:49;C
 ;12;15;51;M;R;R;no;R;4;7.2;40.00001;21.6;Goal;W;W;No;WW; ; ; ;14;True;1; ;13.4834;13.51758;0.7060547;58.52121;73.89091;57.53485;72.83257;-0.9863625;-1.058334;57.53485;72.83257;-0.9863625;-1.058334;0.03417969; ; ;79.96104;87.75743;169.7085;2019/08/07 14:33:50;C
 ;12;15;51;M;R;R;no;R;5;7.2;-1;21.6;Outset;E;W;No;EW; ; ; ;15;True;1; ;15.09766;15.16504;1.614258;138.5212;73.89091;141.2394;73.60227;2.718185;-0.2886353;141.1432;73.50607;2.621964;-0.3848419;0.06738281; ; ;81.84468;91.66007;171.6751;2019/08/07 14:33:52;C
 ;12;15;51;M;R;R;no;R;5;7.2;39.99999;21.6;Center;E;W;No;EW; ; ; ;16;True;1; ;15.53418;15.56836;0.4365234;98.52122;73.89091;100.4455;75.14555;1.92424;1.254646;100.3492;74.85303;1.828018;0.9621201;0.03417969; ; ;81.45627;88.82655;171.3749;2019/08/07 14:33:52;C
 ;12;15;51;M;R;R;no;R;5;7.2;40.00001;21.6;Goal;E;W;No;EW; ; ; ;17;True;1; ;15.83691;15.9043;0.3027344;58.52121;73.89091;61.47954;74.46819;2.958332;0.5772781;61.47954;74.46819;2.958332;0.5772781;0.06738281; ; ;78.51125;88.48844;168.4095;2019/08/07 14:33:52;C
 ;12;15;51;M;R;R;no;R;6;7.2;-1;21.6;Outset;W;S;No;WS; ; ; ;18;True;1; ;17.61914;17.68652;1.782227;58.52121;73.89091;57.82349;76.18188;-0.6977234;2.290977;58.88182;76.10378;0.3606071;2.212875;0.06738281; ; ;80.50124;87.21071;170.0928;2019/08/07 14:33:54;C
 ;12;15;51;M;R;R;no;R;6;7.2;40.00001;21.6;Center;W;S;No;WS; ; ; ;19;True;1; ;18.05664;18.12305;0.4375;98.52122;73.89091;97.17424;78.6053;-1.346977;4.714394;97.07803;78.50909;-1.443184;4.618179;0.06640625; ; ;79.72417;87.48611;169.4146;2019/08/07 14:33:55;C
 ;12;15;51;M;R;R;no;R;6;7.2;40;21.6;Goal;W;S;No;WS; ; ; ;20;True;1; ;18.59375;18.66113;0.5371094;98.52122;33.89091;100.8303;32.42348;2.309082;-1.467422;100.8303;32.42348;2.309082;-1.467422;0.06738281; ; ;80.96262;87.3661;170.5805;2019/08/07 14:33:55;C
 ;12;15;51;M;R;R;no;R;7;7.2;-1;21.6;Outset;S;E;No;SE; ; ; ;21;True;1; ;20.30859;20.40918;1.714844;98.52122;33.89091;98.90606;34.1553;0.3848419;0.2643967;98.90606;33.86667;0.3848419;-0.02423859;0.1005859; ; ;79.30615;87.41355;168.9906;2019/08/07 14:33:57;C
 ;12;15;51;M;R;R;no;R;7;7.2;40;21.6;Center;S;E;No;SE; ; ; ;22;True;1; ;20.7793;20.84668;0.4707031;98.52122;73.89091;98.04015;77.16212;-0.4810638;3.27121;97.94393;76.77727;-0.5772858;2.88636;0.06738281; ; ;78.73649;87.9287;168.5427;2019/08/07 14:33:57;C
 ;12;15;51;M;R;R;no;R;7;7.2;39.99999;21.6;Goal;S;E;No;SE; ; ; ;23;True;1; ;21.2168;21.28418;0.4375;138.5212;73.89091;140.3735;74.66061;1.852264;0.7696991;140.2773;74.46819;1.756073;0.5772781;0.06738281; ; ;81.06316;88.30369;170.901;2019/08/07 14:33:58;C
 ;12;15;51;M;R;R;no;R;8;7.2;-1;21.6;Outset;S;W;No;SW; ; ; ;24;True;1; ;22.89941;23.0332;1.682617;98.52122;33.89091;98.32878;31.84621;-0.1924362;-2.044695;98.52122;32.61591;0;-1.274998;0.1337891; ; ;78.25744;88.77522;168.1919;2019/08/07 14:33:59;C
 ;12;15;51;M;R;R;no;R;8;7.2;40;21.6;Center;S;W;No;SW; ; ; ;25;True;1; ;23.40332;23.4707;0.5039063;98.52122;73.89091;100.3492;75.62273;1.828018;1.731819;100.3492;75.23788;1.828018;1.34697;0.06738281; ; ;79.85825;87.82166;169.6221;2019/08/07 14:34:00;C
 ;12;15;51;M;R;R;no;R;8;7.2;40.00001;21.6;Goal;S;W;No;SW; ; ; ;26;True;1; ;23.80664;23.87402;0.4033203;58.52121;73.89091;60.61364;78.50909;2.09243;4.618179;60.22878;77.35455;1.707573;3.463638;0.06738281; ; ;79.11813;87.20669;168.7568;2019/08/07 14:34:00;C
 ;12;15;51;M;R;R;no;R;9;7.2;-1;21.6;Outset;S;E;No;SE; ; ; ;27;True;1; ;25.52148;25.58887;1.714844;98.52122;33.89091;100.3492;33.19318;1.828018;-0.6977272;100.3492;33.19318;1.828018;-0.6977272;0.06738281; ; ;77.85464;86.92246;167.4592;2019/08/07 14:34:02;C
 ;12;15;51;M;R;R;no;R;9;7.2;40;21.6;Center;S;E;No;SE; ; ; ;28;True;1; ;26.02539;26.12598;0.5039063;98.52122;73.89091;97.17424;74.56439;-1.346977;0.6734848;97.22234;74.75681;-1.298874;0.8659058;0.1005859; ; ;79.79821;88.64199;169.7063;2019/08/07 14:34:03;C
 ;12;15;51;M;R;R;no;R;9;7.2;39.99999;21.6;Goal;S;E;No;SE; ; ; ;29;True;1; ;26.49512;26.56348;0.4697266;138.5212;73.89091;138.6417;75.43031;0.1204529;1.539398;138.6417;75.23788;0.1204529;1.34697;0.06835938; ; ;80.85017;87.53168;170.5175;2019/08/07 14:34:03;C
 ;12;15;51;M;R;R;no;R;10;7.2;-1;21.6;Outset;W;N;No;WN; ; ; ;30;True;1; ;28.24414;28.27832;1.749023;58.52121;73.89091;60.325;76.39243;1.803791;2.501518;60.42122;76.39243;1.900005;2.501518;0.03417969; ; ;77.45847;87.40931;167.1851;2019/08/07 14:34:05;C
 ;12;15;51;M;R;R;no;R;10;7.2;40.00001;21.6;Center;W;N;No;WN; ; ; ;31;True;1; ;28.68066;28.78125;0.4365234;98.52122;73.89091;98.80984;76.00758;0.2886276;2.116669;98.90606;75.81515;0.3848419;1.92424;0.1005859; ; ;80.19501;87.94275;169.9773;2019/08/07 14:34:05;C
 ;12;15;51;M;R;R;no;R;10;7.2;40.00001;21.6;Goal;W;N;No;WN; ; ; ;32;True;1; ;29.11816;29.18457;0.4375;98.52122;113.8909;101.8886;117.1864;3.367416;3.295448;101.8886;116.8015;3.367416;2.910599;0.06640625; ; ;77.29342;85.67207;166.5531;2019/08/07 14:34:06;C
 ;12;15;51;M;R;R;no;R;11;7.2;-1;21.6;Outset;S;N;No;SN; ; ; ;33;True;1; ;30.83203;30.93359;1.713867;98.52122;33.89091;99.77197;33.09697;1.250748;-0.7939377;100.3492;34.44394;1.828018;0.5530319;0.1015625; ; ;76.68876;88.48224;166.5993;2019/08/07 14:34:07;C
 ;12;15;51;M;R;R;no;R;11;7.2;40;21.6;Center;S;N;No;SN; ; ; ;34;True;1; ;31.37012;31.4375;0.5380859;98.52122;73.89091;102.0811;75.81515;3.559845;1.92424;102.0811;75.81515;3.559845;1.92424;0.06738281; ; ;77.67813;86.61912;167.2086;2019/08/07 14:34:08;C
 ;12;15;51;M;R;R;no;R;11;7.2;40.00001;21.6;Goal;S;N;No;SN; ; ; ;35;True;1; ;31.77344;31.84082;0.4033203;98.52122;113.8909;99.57954;119.3992;1.058327;5.508324;99.57954;118.822;1.058327;4.931061;0.06738281; ; ;76.73297;86.08845;166.148;2019/08/07 14:34:08;C
 ;12;15;51;M;R;R;no;R;12;7.2;-1;21.6;Outset;W;N;No;WN; ; ; ;36;True;1; ;33.55566;33.62305;1.782227;58.52121;73.89091;53.68636;72.44772;-4.83485;-1.443184;54.74469;72.64015;-3.776516;-1.250755;0.06738281; ; ;76.12691;85.77899;165.4743;2019/08/07 14:34:10;C
 ;12;15;51;M;R;R;no;R;12;7.2;40.00001;21.6;Center;W;N;No;WN; ; ; ;37;True;1; ;34.02637;34.09375;0.4707031;98.52122;73.89091;99.86818;75.71893;1.346962;1.828026;99.86818;75.43031;1.346962;1.539398;0.06738281; ; ;77.37565;87.53204;167.1288;2019/08/07 14:34:10;C
 ;12;15;51;M;R;R;no;R;12;7.2;40.00001;21.6;Goal;W;N;No;WN; ; ; ;38;True;1; ;34.59766;34.63086;0.5712891;98.52122;113.8909;101.1189;116.128;2.597717;2.237106;101.1189;116.128;2.597717;2.237106;0.03320313; ; ;74.96799;86.55316;164.5596;2019/08/07 14:34:11;C
 ;12;15;51;M;R;R;no;R;13;7.2;-1;21.6;Outset;W;E;No;WE; ; ; ;39;True;1; ;36.31152;36.41309;1.713867;58.52121;73.89091;60.325;77.54697;1.803791;3.656059;60.81269;78.84527;2.291477;4.954361;0.1015625; ; ;77.29622;86.66022;166.8503;2019/08/07 14:34:13;C
 ;12;15;51;M;R;R;no;R;13;7.2;40.00001;21.6;Center;W;E;No;WE; ; ; ;40;True;1; ;36.78223;36.84961;0.4707031;98.52122;73.89091;99.67576;76.2;1.154541;2.30909;99.57954;75.91136;1.058327;2.020454;0.06738281; ; ;77.18508;86.64751;166.7393;2019/08/07 14:34:13;C
 ;12;15;51;M;R;R;no;R;13;7.2;39.99999;21.6;Goal;W;E;No;WE; ; ; ;41;True;1; ;37.15234;37.21973;0.3701172;138.5212;73.89091;140.1811;75.62273;1.659851;1.731819;140.1811;75.14166;1.659851;1.250755;0.06738281; ; ;77.21236;84.88065;166.1933;2019/08/07 14:34:14;C
 ;12;15;51;M;R;R;no;R;14;7.2;-1;21.6;Outset;S;W;No;SW; ; ; ;42;True;1; ;38.90137;38.96875;1.749023;98.52122;33.89091;99.91628;33.52992;1.395065;-0.3609848;99.96439;33.8918;1.443176;0.0008926392;0.06738281; ; ;77.50098;86.65516;167.0471;2019/08/07 14:34:15;C
 ;12;15;51;M;R;R;no;R;14;7.2;40;21.6;Center;S;W;No;SW; ; ; ;43;True;1; ;39.33789;39.40527;0.4365234;98.52122;73.89091;100.4455;74.07563;1.92424;0.1847229;100.5417;74.17954;2.020447;0.2886353;0.06738281; ; ;78.1737;86.97317;167.7816;2019/08/07 14:34:16;C
 ;12;15;51;M;R;R;no;R;14;7.2;40.00001;21.6;Goal;S;W;No;SW; ; ; ;44;True;1; ;39.74121;39.84277;0.4033203;58.52121;73.89091;59.5553;75.52651;1.034092;1.635605;59.95335;74.75462;1.432137;0.8637161;0.1015625; ; ;77.68201;86.64317;167.2189;2019/08/07 14:34:16;C
 ;12;15;51;M;R;R;no;R;15;7.2;-1;21.6;Outset;E;N;No;EN; ; ; ;45;True;1; ;41.38867;41.48926;1.647461;138.5212;73.89091;140.2773;76.2;1.756073;2.30909;139.9886;76.10378;1.467422;2.212875;0.1005859; ; ;78.29859;87.38815;168.0026;2019/08/07 14:34:18;C
 ;12;15;51;M;R;R;no;R;15;7.2;39.99999;21.6;Center;E;N;No;EN; ; ; ;46;True;1; ;41.92578;41.99316;0.5371094;98.52122;73.89091;96.30833;77.16212;-2.212883;3.27121;96.30833;76.68106;-2.212883;2.790154;0.06738281; ; ;76.63728;86.17265;166.0803;2019/08/07 14:34:18;C
 ;12;15;51;M;R;R;no;R;15;7.2;40.00001;21.6;Goal;E;N;No;EN; ; ; ;47;True;1; ;42.36328;42.43066;0.4375;98.52122;113.8909;98.71364;117.7636;0.192421;3.872719;98.52122;117.3788;0;3.487869;0.06738281; ; ;75.51568;86.98949;165.1927;2019/08/07 14:34:19;C
 ;12;15;51;M;R;R;no;R;16;7.2;-1;21.6;Outset;S;W;No;SW; ; ; ;48;True;1; ;44.11133;44.17871;1.748047;98.52122;33.89091;99.96439;30.11439;1.443176;-3.776516;99.96439;30.21061;1.443176;-3.6803;0.06738281; ; ;76.89819;86.22594;166.3468;2019/08/07 14:34:21;C
 ;12;15;51;M;R;R;no;R;16;7.2;40;21.6;Center;S;W;No;SW; ; ; ;49;True;1; ;44.54785;44.61523;0.4365234;98.52122;73.89091;100.1568;75.09356;1.635597;1.202652;100.1568;74.94924;1.635597;1.058334;0.06738281; ; ;78.07127;88.28499;167.945;2019/08/07 14:34:21;C
 ;12;15;51;M;R;R;no;R;16;7.2;40.00001;21.6;Goal;S;W;No;SW; ; ; ;50;True;1; ;44.88477;44.95215;0.3369141;58.52121;73.89091;60.57024;75.19448;2.049026;1.303574;60.42122;75.04546;1.900005;1.154549;0.06738281; ; ;75.38793;86.05602;164.842;2019/08/07 14:34:21;C
 ;12;15;51;M;R;R;no;R;17;7.2;-1;21.6;Outset;W;W;No;WW; ; ; ;51;True;1; ;46.63184;46.69922;1.74707;58.52121;73.89091;54.16742;76.00758;-4.353786;2.116669;54.07121;75.71893;-4.449997;1.828026;0.06738281; ; ;77.24372;85.71625;166.5206;2019/08/07 14:34:23;C
 ;12;15;51;M;R;R;no;R;17;7.2;40.00001;21.6;Center;W;W;No;WW; ; ; ;52;True;1; ;47.10254;47.20313;0.4707031;98.52122;73.89091;100.1568;73.60227;1.635597;-0.2886353;99.96439;73.50607;1.443176;-0.3848419;0.1005859; ; ;77.50893;88.19704;167.3753;2019/08/07 14:34:24;C
 ;12;15;51;M;R;R;no;R;17;7.2;40.00001;21.6;Goal;W;W;No;WW; ; ; ;53;True;1; ;47.57324;47.63965;0.4707031;58.52121;73.89091;60.80606;75.04546;2.284851;1.154549;60.80606;75.14166;2.284851;1.250755;0.06640625; ; ;77.55879;86.85212;167.1543;2019/08/07 14:34:24;C
 ;12;15;51;M;R;R;no;R;18;7.2;-1;21.6;Outset;N;S;No;NS; ; ; ;54;True;1; ;49.32129;49.38867;1.748047;98.52122;113.8909;96.8856;115.7432;-1.635612;1.852264;96.8856;115.3583;-1.635612;1.467415;0.06738281; ; ;78.01331;87.81431;167.8098;2019/08/07 14:34:26;C
 ;12;15;51;M;R;R;no;R;18;7.2;40.00001;21.6;Center;N;S;No;NS; ; ; ;55;True;1; ;49.79199;49.85938;0.4707031;98.52122;73.89091;101.1035;77.72396;2.582291;3.833054;100.8303;77.54697;2.309082;3.656059;0.06738281; ; ;77.08409;88.82638;167.029;2019/08/07 14:34:26;C
 ;12;15;51;M;R;R;no;R;18;7.2;40;21.6;Goal;N;S;No;NS; ; ; ;56;True;1; ;50.19531;50.26172;0.4033203;98.52122;33.89091;100.3492;35.59848;1.828018;1.707577;100.3492;35.21363;1.828018;1.322727;0.06640625; ; ;79.32828;85.78874;168.5092;2019/08/07 14:34:27;C
 ;12;15;51;M;R;R;no;R;19;7.2;-1;21.6;Outset;S;S;No;SS; ; ; ;57;True;1; ;52.01074;52.07813;1.81543;98.52122;33.89091;99.48334;33.86667;0.9621201;-0.02423859;99.57954;33.77045;1.058327;-0.1204529;0.06738281; ; ;77.63249;85.77357;166.9085;2019/08/07 14:34:28;C
 ;12;15;51;M;R;R;no;R;19;7.2;40;21.6;Center;S;S;No;SS; ; ; ;58;True;1; ;52.51563;52.54883;0.5048828;98.52122;73.89091;99.09849;79.08669;0.5772705;5.195786;99.09849;79.08636;0.5772705;5.19545;0.03320313; ; ;77.90339;86.09068;167.2691;2019/08/07 14:34:29;C
 ;12;15;51;M;R;R;no;R;19;7.2;40;21.6;Goal;S;S;No;SS; ; ; ;59;True;1; ;53.22168;53.25488;0.7060547;98.52122;33.89091;93.20093;33.16457;-5.32029;-0.7263336;93.32576;33.09697;-5.195457;-0.7939377;0.03320313; ; ;76.7343;85.40528;165.9335;2019/08/07 14:34:30;C
 ;12;15;51;M;R;R;no;R;20;7.2;-1;21.6;Outset;S;E;No;SE; ; ; ;60;True;1; ;54.96875;55.03613;1.74707;98.52122;33.89091;100.6379;35.40606;2.116661;1.515152;100.8303;35.21363;2.309082;1.322727;0.06738281; ; ;77.05978;86.20362;166.4957;2019/08/07 14:34:31;C
 ;12;15;51;M;R;R;no;R;20;7.2;40;21.6;Center;S;E;No;SE; ; ; ;61;True;1; ;55.47266;55.54004;0.5039063;98.52122;73.89091;97.94393;76.87349;-0.5772858;2.982582;98.04015;76.87349;-0.4810638;2.982582;0.06738281; ; ;77.28341;88.13409;167.1427;2019/08/07 14:34:32;C
 ;12;15;51;M;R;R;no;R;20;7.2;39.99999;21.6;Goal;S;E;No;SE; ; ; ;62;True;1; ;55.94336;56.01074;0.4707031;138.5212;73.89091;138.1606;75.81515;-0.360611;1.92424;137.6795;75.33409;-0.8416748;1.443184;0.06738281; ; ;77.98454;86.74266;167.5381;2019/08/07 14:34:32;C
 ;12;15;51;M;R;R;no;R;21;7.2;-1;21.6;Outset;E;N;No;EN; ; ; ;63;True;1; ;57.625;57.69141;1.681641;138.5212;73.89091;136.1402;75.52651;-2.381058;1.635605;135.83;75.12016;-2.691208;1.229256;0.06640625; ; ;77.28632;85.30794;166.4208;2019/08/07 14:34:34;C
 ;12;15;51;M;R;R;no;R;21;7.2;39.99999;21.6;Center;E;N;No;EN; ; ; ;64;True;1; ;58.09473;58.16211;0.4697266;98.52122;73.89091;100.5417;73.89091;2.020447;0;100.253;73.40984;1.731812;-0.4810638;0.06738281; ; ;76.36561;86.81145;165.9837;2019/08/07 14:34:35;C
 ;12;15;51;M;R;R;no;R;21;7.2;40.00001;21.6;Goal;E;N;No;EN; ; ; ;65;True;1; ;58.49902;58.56543;0.4042969;98.52122;113.8909;100.3385;113.4233;1.817253;-0.467598;100.3492;112.953;1.828018;-0.9378891;0.06640625; ; ;76.27276;87.75931;166.084;2019/08/07 14:34:35;C
 ;12;15;51;M;R;R;no;R;22;7.2;-1;21.6;Outset;E;N;No;EN; ; ; ;66;True;1; ;60.01172;60.1123;1.512695;138.5212;73.89091;140.1811;76.87349;1.659851;2.982582;140.0496;76.29621;1.528412;2.405304;0.1005859; ; ;77.00568;88.74947;166.9436;2019/08/07 14:34:36;C
 ;12;15;51;M;R;R;no;R;22;7.2;39.99999;21.6;Center;E;N;No;EN; ; ; ;67;True;1; ;60.48242;60.5498;0.4707031;98.52122;73.89091;98.20061;75.20592;-0.3206024;1.315018;97.94393;74.80492;-0.5772858;0.9140167;0.06738281; ; ;76.60328;87.62402;166.3864;2019/08/07 14:34:37;C
 ;12;15;51;M;R;R;no;R;22;7.2;40.00001;21.6;Goal;E;N;No;EN; ; ; ;68;True;1; ;60.91895;60.98633;0.4365234;98.52122;113.8909;99.19469;113.9152;0.6734772;0.02423859;99.19469;113.9152;0.6734772;0.02423859;0.06738281; ; ;76.4403;85.28288;165.6135;2019/08/07 14:34:37;C
 ;12;15;51;M;R;R;no;R;23;7.2;-1;21.6;Outset;N;N;No;NN; ; ; ;69;True;1; ;62.63379;62.73438;1.714844;98.52122;113.8909;97.55909;113.3379;-0.9621277;-0.5530396;97.55909;113.2417;-0.9621277;-0.6492462;0.1005859; ; ;78.33321;88.24508;168.1983;2019/08/07 14:34:39;C
 ;12;15;51;M;R;R;no;R;23;7.2;40.00001;21.6;Center;N;N;No;NN; ; ; ;70;True;1; ;63.00391;63.10449;0.3701172;98.52122;73.89091;98.61742;74.34762;0.09620667;0.4567108;99.00227;77.25833;0.4810562;3.367424;0.1005859; ; ;77.7713;89.13203;167.7396;2019/08/07 14:34:39;C
 ;12;15;51;M;R;R;no;R;23;7.2;40.00001;21.6;Goal;N;N;No;NN; ; ; ;71;True;1; ;63.33984;63.40723;0.3359375;98.52122;113.8909;96.59697;115.2621;-1.924248;1.371208;96.40454;115.1659;-2.116676;1.274994;0.06738281; ; ;75.80581;84.67887;164.8017;2019/08/07 14:34:40;C
 ;12;15;51;M;R;R;no;R;24;7.2;-1;21.6;Outset;N;N;No;NN; ; ; ;72;True;1; ;64.9541;65.05566;1.614258;98.52122;113.8909;99.19469;119.3992;0.6734772;5.508324;99.00227;118.7739;0.4810562;4.88295;0.1015625; ; ;78.83423;89.36749;168.8158;2019/08/07 14:34:41;C
 ;12;15;51;M;R;R;no;R;24;7.2;40.00001;21.6;Center;N;N;No;NN; ; ; ;73;True;1; ;65.42578;65.49316;0.4716797;98.52122;73.89091;99.77197;73.79692;1.250748;-0.09398651;99.96439;73.98712;1.443176;0.09621429;0.06738281; ; ;77.90972;88.74163;167.8424;2019/08/07 14:34:42;C
 ;12;15;51;M;R;R;no;R;24;7.2;40.00001;21.6;Goal;N;N;No;NN; ; ; ;74;True;1; ;65.89648;65.92969;0.4707031;98.52122;113.8909;99.38712;115.647;0.8658981;1.756058;99.38712;115.647;0.8658981;1.756058;0.03320313; ; ;77.01816;86.36779;166.5024;2019/08/07 14:34:42;C
 ;12;15;51;M;R;R;no;R;25;7.2;-1;21.6;Outset;S;N;No;SN; ; ; ;75;True;1; ;67.64453;67.74512;1.748047;98.52122;33.89091;99.48334;36.84924;0.9621201;2.958336;98.90606;36.27197;0.3848419;2.381062;0.1005859; ; ;76.50335;87.73707;166.3078;2019/08/07 14:34:44;C
 ;12;15;51;M;R;R;no;R;25;7.2;40;21.6;Center;S;N;No;SN; ; ; ;76;True;1; ;68.04785;68.14844;0.4033203;98.52122;73.89091;99.38712;72.83257;0.8658981;-1.058334;99.48334;72.92879;0.9621201;-0.9621201;0.1005859; ; ;76.86842;86.71315;166.449;2019/08/07 14:34:45;C
 ;12;15;51;M;R;R;no;R;25;7.2;40.00001;21.6;Goal;S;N;No;SN; ; ; ;77;True;1; ;68.38379;68.48535;0.3359375;98.52122;113.8909;100.7341;114.9735;2.212868;1.082565;100.5417;114.6848;2.020447;0.7939301;0.1015625; ; ;75.67863;88.25179;165.5678;2019/08/07 14:34:45;C
 ;12;15;51;M;R;R;no;R;26;7.2;-1;21.6;Outset;W;N;No;WN; ; ; ;78;True;1; ;70.13281;70.2334;1.749023;58.52121;73.89091;59.07424;78.79773;0.5530281;4.906822;61.18606;78.72643;2.664848;4.835526;0.1005859; ; ;77.56985;87.96432;167.399;2019/08/07 14:34:47;C
 ;12;15;51;M;R;R;no;R;26;7.2;40.00001;21.6;Center;W;N;No;WN; ; ; ;79;True;1; ;70.53613;70.63672;0.4033203;98.52122;73.89091;98.13636;75.62273;-0.3848572;1.731819;98.23257;75.71893;-0.2886429;1.828026;0.1005859; ; ;78.37175;87.83146;168.1657;2019/08/07 14:34:47;C
 ;12;15;51;M;R;R;no;R;26;7.2;40.00001;21.6;Goal;W;N;No;WN; ; ; ;80;True;1; ;70.97363;71.04004;0.4375;98.52122;113.8909;100.8303;118.5333;2.309082;4.64241;100.8303;118.0523;2.309082;4.161362;0.06640625; ; ;74.62835;86.93694;164.3112;2019/08/07 14:34:47;C
 ;12;15;51;M;R;R;no;R;27;7.2;-1;21.6;Outset;S;S;No;SS; ; ; ;81;True;1; ;72.75488;72.82227;1.78125;98.52122;33.89091;101.1189;30.11439;2.597717;-3.776516;101.6141;31.00491;3.092842;-2.886;0.06738281; ; ;76.8829;87.33284;166.6049;2019/08/07 14:34:49;C
 ;12;15;51;M;R;R;no;R;27;7.2;40;21.6;Center;S;S;No;SS; ; ; ;82;True;1; ;73.19238;73.25977;0.4375;98.52122;73.89091;98.80984;77.54697;0.2886276;3.656059;98.71364;77.30759;0.192421;3.416687;0.06738281; ; ;76.93495;87.72959;166.7322;2019/08/07 14:34:50;C
 ;12;15;51;M;R;R;no;R;27;7.2;40;21.6;Goal;S;S;No;SS; ; ; ;83;True;1; ;73.59473;73.66211;0.4023438;98.52122;33.89091;101.8886;34.34773;3.367416;0.4568214;101.8886;34.25151;3.367416;0.3606071;0.06738281; ; ;79.29729;87.18576;168.925;2019/08/07 14:34:50;C
 ;12;15;51;M;R;R;no;R;28;7.2;-1;21.6;Outset;S;S;No;SS; ; ; ;84;True;1; ;75.24219;75.30957;1.647461;98.52122;33.89091;95.73106;36.65682;-2.790154;2.765911;96.11591;37.04167;-2.405304;3.150761;0.06738281; ; ;77.3529;86.91212;166.9692;2019/08/07 14:34:52;C
 ;12;15;51;M;R;R;no;R;28;7.2;40;21.6;Center;S;S;No;SS; ; ; ;85;True;1; ;75.74609;75.81348;0.5039063;98.52122;73.89091;99.86818;80.43333;1.346962;6.542427;99.86818;80.43333;1.346962;6.542427;0.06738281; ; ;78.10947;89.11971;168.076;2019/08/07 14:34:52;C
 ;12;15;51;M;R;R;no;R;28;7.2;40;21.6;Goal;S;S;No;SS; ; ; ;86;True;1; ;76.25098;76.31836;0.5048828;98.52122;33.89091;99.38712;34.73257;0.8658981;0.8416672;99.29091;34.82879;0.7696915;0.9378815;0.06738281; ; ;76.99225;88.05549;166.8427;2019/08/07 14:34:53;C
 ;12;15;51;M;R;R;no;R;29;7.2;-1;21.6;Outset;W;S;No;WS; ; ; ;87;True;1; ;77.96582;78.06641;1.714844;58.52121;73.89091;56.26964;78.9757;-2.251572;5.084793;57.9197;79.56742;-0.6015129;5.676514;0.1005859; ; ;77.61845;88.68089;167.5461;2019/08/07 14:34:54;C
 ;12;15;51;M;R;R;no;R;29;7.2;40.00001;21.6;Center;W;S;No;WS; ; ; ;88;True;1; ;78.36914;78.4707;0.4033203;98.52122;73.89091;95.44242;77.9213;-3.078796;4.030396;95.44242;77.45076;-3.078796;3.559853;0.1015625; ; ;77.81065;89.31287;167.7907;2019/08/07 14:34:55;C
 ;12;15;51;M;R;R;no;R;29;7.2;40;21.6;Goal;W;S;No;WS; ; ; ;89;True;1; ;78.77344;78.84082;0.4042969;98.52122;33.89091;102.3697;34.34155;3.84848;0.4506416;102.6703;34.25151;4.149063;0.3606071;0.06738281; ; ;77.19796;88.55843;167.1143;2019/08/07 14:34:55;C
 ;12;15;51;M;R;R;no;R;30;7.2;-1;21.6;Outset;W;S;No;WS; ; ; ;90;True;1; ;80.48828;80.58887;1.714844;58.52121;73.89091;58.78561;76.2;0.2643967;2.30909;59.84394;75.52651;1.322727;1.635605;0.1005859; ; ;75.46478;87.21571;165.1889;2019/08/07 14:34:57;C
 ;12;15;51;M;R;R;no;R;30;7.2;40.00001;21.6;Center;W;S;No;WS; ; ; ;91;True;1; ;80.9248;81.02637;0.4365234;98.52122;73.89091;100.3492;77.45076;1.828018;3.559853;100.3492;77.46354;1.828018;3.572632;0.1015625; ; ;78.80396;89.72095;168.8004;2019/08/07 14:34:57;C
 ;12;15;51;M;R;R;no;R;30;7.2;40;21.6;Goal;W;S;No;WS; ; ; ;92;True;1; ;81.29492;81.36133;0.3701172;98.52122;33.89091;101.8886;34.63636;3.367416;0.7454567;101.9848;34.44394;3.463631;0.5530319;0.06640625; ; ;78.22425;86.84062;167.796;2019/08/07 14:34:58;C
 ;12;15;51;M;R;R;no;R;31;7.2;-1;21.6;Outset;N;N;No;NN; ; ; ;93;True;1; ;82.9082;82.97559;1.613281;98.52122;113.8909;99.00227;114.3962;0.4810562;0.5052948;99.09849;114.1076;0.5772705;0.2166519;0.06738281; ; ;74.54528;88.18451;164.4337;2019/08/07 14:34:59;C
 ;12;15;51;M;R;R;no;R;31;7.2;40.00001;21.6;Center;N;N;No;NN; ; ; ;94;True;1; ;83.44629;83.47949;0.5380859;98.52122;73.89091;100.4455;74.75486;1.92424;0.8639526;100.4455;74.75681;1.92424;0.8659058;0.03320313; ; ;75.83925;86.20885;165.3199;2019/08/07 14:35:00;C
 ;12;15;51;M;R;R;no;R;31;7.2;40.00001;21.6;Goal;N;N;No;NN; ; ; ;95;True;1; ;83.88281;83.9502;0.4365234;98.52122;113.8909;98.425;116.4167;-0.09622192;2.525757;98.32878;116.4167;-0.1924362;2.525757;0.06738281; ; ;76.06033;86.4388;165.5947;2019/08/07 14:35:00;C
 ;12;15;51;M;R;R;no;R;32;7.2;-1;21.6;Outset;E;E;No;EE; ; ; ;96;True;1; ;85.63086;85.69824;1.748047;138.5212;73.89091;141.3356;76.68106;2.814392;2.790154;141.2394;76.48864;2.718185;2.597733;0.06738281; ; ;75.66694;88.83253;165.6174;2019/08/07 14:35:02;C
 ;12;15;51;M;R;R;no;R;32;7.2;39.99999;21.6;Center;E;E;No;EE; ; ; ;97;True;1; ;86.06836;86.13574;0.4375;98.52122;73.89091;99.38712;79.75985;0.8658981;5.868942;99.38712;79.56742;0.8658981;5.676514;0.06738281; ; ;77.15939;88.24315;167.0357;2019/08/07 14:35:03;C
 ;12;15;51;M;R;R;no;R;32;7.2;39.99999;21.6;Goal;E;E;No;EE; ; ; ;98;True;1; ;86.57227;86.63965;0.5039063;138.5212;73.89091;143.3561;75.91136;4.834854;2.020454;142.7788;75.81515;4.257568;1.92424;0.06738281; ; ;78.37534;89.70955;168.3716;2019/08/07 14:35:03;C
 ;12;15;51;M;R;R;no;R;33;7.2;-1;21.6;Outset;N;S;No;NS; ; ; ;99;True;1; ;88.08594;88.18652;1.513672;98.52122;113.8909;100.3492;118.7258;1.828018;4.834846;100.5417;117.9561;2.020447;4.065147;0.1005859; ; ;77.86276;89.79948;167.8611;2019/08/07 14:35:05;C
 ;12;15;51;M;R;R;no;R;33;7.2;40.00001;21.6;Center;N;S;No;NS; ; ; ;100;True;1; ;88.55664;88.62402;0.4707031;98.52122;73.89091;100.4455;78.6053;1.92424;4.714394;100.3492;78.31667;1.828018;4.425758;0.06738281; ; ;76.29637;89.7315;166.2936;2019/08/07 14:35:05;C
 ;12;15;51;M;R;R;no;R;33;7.2;40;21.6;Goal;N;S;No;NS; ; ; ;101;True;1; ;88.99414;89.06152;0.4375;98.52122;33.89091;99.96439;35.11742;1.443176;1.226517;99.96439;34.925;1.443176;1.034092;0.06738281; ; ;78.23393;87.53687;167.9716;2019/08/07 14:35:05;C
 ;12;15;51;M;R;R;no;R;34;7.2;-1;21.6;Outset;E;E;No;EE; ; ; ;102;True;1; ;90.77637;90.84277;1.782227;138.5212;73.89091;139.3152;75.52651;0.7939453;1.635605;138.8967;75.52651;0.3754883;1.635605;0.06640625; ; ;77.96394;89.96036;167.9639;2019/08/07 14:35:07;C
 ;12;15;51;M;R;R;no;R;34;7.2;39.99999;21.6;Center;E;E;No;EE; ; ; ;103;True;1; ;91.1123;91.17969;0.3359375;98.52122;73.89091;95.05757;79.27879;-3.463646;5.387878;95.34621;79.66364;-3.175003;5.772728;0.06738281; ; ;75.45166;88.89894;165.4082;2019/08/07 14:35:08;C
 ;12;15;51;M;R;R;no;R;34;7.2;39.99999;21.6;Goal;E;E;No;EE; ; ; ;104;True;1; ;91.5498;91.61621;0.4375;138.5212;73.89091;144.7992;74.46819;6.27803;0.5772781;144.5106;74.27576;5.989395;0.3848495;0.06640625; ; ;77.36629;88.52222;167.2773;2019/08/07 14:35:08;C
 ;12;15;51;M;R;R;no;R;35;7.2;-1;21.6;Outset;N;E;No;NE; ; ; ;105;True;1; ;93.16504;93.26563;1.615234;98.52122;113.8909;95.63485;117.8044;-2.886368;3.913483;95.92348;116.128;-2.597733;2.237106;0.1005859; ; ;78.16758;88.84796;168.11;2019/08/07 14:35:10;C
 ;12;15;51;M;R;R;no;R;35;7.2;40.00001;21.6;Center;N;E;No;NE; ; ; ;106;True;1; ;93.53418;93.63574;0.3691406;98.52122;73.89091;95.44242;77.64318;-3.078796;3.752274;95.53864;77.35455;-2.982582;3.463638;0.1015625; ; ;79.86065;88.91348;169.8013;2019/08/07 14:35:10;C
 ;12;15;51;M;R;R;no;R;35;7.2;39.99999;21.6;Goal;N;E;No;NE; ; ; ;107;True;1; ;93.87109;93.9375;0.3369141;138.5212;73.89091;133.7348;79.27879;-4.786362;5.387878;133.6386;78.6053;-4.882584;4.714394;0.06640625; ; ;79.8922;89.70333;169.8878;2019/08/07 14:35:10;C
 ;12;15;51;M;R;R;no;R;36;7.2;-1;21.6;Outset;N;E;No;NE; ; ; ;108;True;1; ;95.85449;95.95508;1.983398;98.52122;113.8909;98.13636;115.647;-0.3848572;1.756058;97.55909;116.0318;-0.9621277;2.140907;0.1005859; ; ;76.32968;89.47016;166.319;2019/08/07 14:35:12;C
 ;12;15;51;M;R;R;no;R;36;7.2;40.00001;21.6;Center;N;E;No;NE; ; ; ;109;True;1; ;96.29199;96.3252;0.4375;98.52122;73.89091;98.425;76.77727;-0.09622192;2.88636;98.425;76.77727;-0.09622192;2.88636;0.03320313; ; ;78.14394;86.39007;167.5912;2019/08/07 14:35:13;C
 ;12;15;51;M;R;R;no;R;36;7.2;39.99999;21.6;Goal;N;E;No;NE; ; ; ;110;True;1; ;96.66113;96.72852;0.3691406;138.5212;73.89091;139.6038;72.9985;1.082581;-0.8924026;139.6038;72.73636;1.082581;-1.154549;0.06738281; ; ;78.44802;89.91068;168.4476;2019/08/07 14:35:13;C
 ;12;15;51;M;R;R;no;R;37;7.2;-1;21.6;Outset;E;S;No;ES; ; ; ;111;True;1; ;98.27539;98.37598;1.614258;138.5212;73.89091;140.5659;80.81818;2.044693;6.927277;140.3622;80.14469;1.840988;6.253784;0.1005859; ; ;78.69836;89.56157;168.6896;2019/08/07 14:35:15;C
 ;12;15;51;M;R;R;no;R;37;7.2;39.99999;21.6;Center;E;S;No;ES; ; ; ;112;True;1; ;98.71289;98.81348;0.4375;98.52122;73.89091;100.1568;78.50909;1.635597;4.618179;99.67576;77.93182;1.154541;4.040909;0.1005859; ; ;77.13536;88.45179;167.0394;2019/08/07 14:35:15;C
 ;12;15;51;M;R;R;no;R;37;7.2;40;21.6;Goal;E;S;No;ES; ; ; ;113;True;1; ;99.04883;99.11621;0.3359375;98.52122;33.89091;98.80984;38.184;0.2886276;4.293091;98.80984;37.81136;0.2886276;3.920456;0.06738281; ; ;77.37557;86.0106;166.7403;2019/08/07 14:35:15;C
 ;12;15;51;M;R;R;no;R;38;7.2;-1;21.6;Outset;E;E;No;EE; ; ; ;114;True;1; ;100.7637;100.8311;1.714844;138.5212;73.89091;138.4492;74.6125;-0.07197571;0.7215881;138.0644;75.14166;-0.4568176;1.250755;0.06738281; ; ;76.84425;90.2425;166.8419;2019/08/07 14:35:17;C
 ;12;15;51;M;R;R;no;R;38;7.2;39.99999;21.6;Center;E;E;No;EE; ; ; ;115;True;1; ;101.0654;101.1328;0.3017578;98.52122;73.89091;93.80682;76.39243;-4.714401;2.501518;93.80682;76.29621;-4.714401;2.405304;0.06738281; ; ;75.17627;86.03754;164.6322;2019/08/07 14:35:18;C
 ;12;15;51;M;R;R;no;R;38;7.2;39.99999;21.6;Goal;E;E;No;EE; ; ; ;116;True;1; ;101.4697;101.5371;0.4042969;138.5212;73.89091;139.7962;74.08334;1.275009;0.1924286;139.7962;73.69849;1.275009;-0.192421;0.06738281; ; ;76.27332;87.44289;166.028;2019/08/07 14:35:18;C
 ;12;15;51;M;R;R;no;R;39;7.2;-1;21.6;Outset;N;E;No;NE; ; ; ;117;True;1; ;103.0498;103.1504;1.580078;98.52122;113.8909;99.19469;114.6848;0.6734772;0.7939301;99.19469;112.7606;0.6734772;-1.13031;0.1005859; ; ;75.80934;87.19119;165.5226;2019/08/07 14:35:20;C
 ;12;15;51;M;R;R;no;R;39;7.2;40.00001;21.6;Center;N;E;No;NE; ; ; ;118;True;1; ;103.4531;103.5205;0.4033203;98.52122;73.89091;96.78939;81.20303;-1.731827;7.312126;96.69318;80.81818;-1.828033;6.927277;0.06738281; ; ;77.38654;86.47496;166.8875;2019/08/07 14:35:20;C
 ;12;15;51;M;R;R;no;R;39;7.2;39.99999;21.6;Goal;N;E;No;NE; ; ; ;119;True;1; ;103.8906;103.958;0.4375;138.5212;73.89091;139.9886;76.28981;1.467422;2.398903;139.7962;76.00758;1.275009;2.116669;0.06738281; ; ;77.15421;87.29597;166.8631;2019/08/07 14:35:20;C
 ;12;15;51;M;R;R;no;R;40;7.2;-1;21.6;Outset;E;S;No;ES; ; ; ;120;True;1; ;105.5723;105.6396;1.681641;138.5212;73.89091;141.4318;76.39243;2.910614;2.501518;141.1432;76.39243;2.621964;2.501518;0.06738281; ; ;76.9585;88.9306;166.9132;2019/08/07 14:35:22;C
 ;12;15;51;M;R;R;no;R;40;7.2;39.99999;21.6;Center;E;S;No;ES; ; ; ;121;True;1; ;106.043;106.1104;0.4707031;98.52122;73.89091;101.4076;75.71893;2.88636;1.828026;101.4076;75.33409;2.88636;1.443184;0.06738281; ; ;75.02574;86.51908;164.6079;2019/08/07 14:35:22;C
 ;12;15;51;M;R;R;no;R;40;7.2;40;21.6;Goal;E;S;No;ES; ; ; ;122;True;1; ;106.5811;106.6143;0.5380859;98.52122;33.89091;99.38712;35.21363;0.8658981;1.322727;99.38712;34.97311;0.8658981;1.082199;0.03320313; ; ;77.5418;84.66872;166.4151;2019/08/07 14:35:23;C
 ;12;15;51;M;R;R;no;R;41;7.2;-1;21.6;Outset;N;S;No;NS; ; ; ;123;True;1; ;108.1943;108.2959;1.613281;98.52122;113.8909;92.26743;114.9735;-6.253792;1.082565;93.02653;113.4838;-5.49469;-0.4070969;0.1015625; ; ;76.41577;86.33207;165.9109;2019/08/07 14:35:25;C
 ;12;15;51;M;R;R;no;R;41;7.2;40.00001;21.6;Center;N;S;No;NS; ; ; ;124;True;1; ;108.6318;108.7324;0.4375;98.52122;73.89091;99.48334;75.23788;0.9621201;1.34697;99.38712;74.75681;0.8658981;0.8659058;0.1005859; ; ;74.89743;87.25385;164.638;2019/08/07 14:35:25;C
 ;12;15;51;M;R;R;no;R;41;7.2;40;21.6;Goal;N;S;No;NS; ; ; ;125;True;1; ;109.1699;109.2373;0.5380859;98.52122;33.89091;102.0811;37.42651;3.559845;3.535606;101.9848;37.04167;3.463631;3.150761;0.06738281; ; ;76.02474;85.15189;165.1752;2019/08/07 14:35:26;C
 ;12;15;51;M;R;R;no;R;42;7.2;-1;21.6;Outset;N;W;No;NW; ; ; ;126;True;1; ;110.7168;110.7842;1.546875;98.52122;113.8909;97.36666;115.1659;-1.154556;1.274994;97.36666;114.6848;-1.154556;0.7939301;0.06738281; ; ;73.72868;85.39606;163.0548;2019/08/07 14:35:27;C
 ;12;15;51;M;R;R;no;R;42;7.2;40.00001;21.6;Center;N;W;No;NW; ; ; ;127;True;1; ;111.0527;111.1201;0.3359375;98.52122;73.89091;101.6962;80.04848;3.174995;6.157578;101.0873;79.15092;2.566055;5.26001;0.06738281; ; ;74.80215;86.27787;164.3315;2019/08/07 14:35:28;C
 ;12;15;51;M;R;R;no;R;42;7.2;40.00001;21.6;Goal;N;W;No;NW; ; ; ;128;True;1; ;111.3223;111.3896;0.2695313;58.52121;73.89091;61.38334;78.6053;2.862125;4.714394;60.90227;78.12424;2.381062;4.23333;0.06738281; ; ;74.4071;85.47011;163.7301;2019/08/07 14:35:28;C
 ;12;15;51;M;R;R;no;R;43;7.2;-1;21.6;Outset;E;W;No;EW; ; ; ;129;True;1; ;113.0361;113.1377;1.713867;138.5212;73.89091;137.6795;73.31364;-0.8416748;-0.5772705;137.1023;74.75681;-1.41893;0.8659058;0.1015625; ; ;74.73702;87.2552;164.4803;2019/08/07 14:35:30;C
 ;12;15;51;M;R;R;no;R;43;7.2;39.99999;21.6;Center;E;W;No;EW; ; ; ;130;True;1; ;113.5068;113.541;0.4707031;98.52122;73.89091;100.4455;73.89091;1.92424;0;100.4455;73.89091;1.92424;0;0.03417969; ; ;74.83556;85.99368;164.2905;2019/08/07 14:35:30;C
 ;12;15;51;M;R;R;no;R;43;7.2;40.00001;21.6;Goal;E;W;No;EW; ; ; ;131;True;1; ;113.8428;113.877;0.3359375;58.52121;73.89091;58.97803;74.15604;0.4568214;0.2651367;59.21447;73.75068;0.6932602;-0.1402283;0.03417969; ; ;75.36225;84.2326;164.2194;2019/08/07 14:35:30;C
 ;12;15;51;M;R;R;no;R;44;7.2;-1;21.6;Outset;S;N;No;SN; ; ; ;132;True;1; ;115.6924;115.7598;1.849609;98.52122;33.89091;101.9848;36.56061;3.463631;2.669701;101.9848;37.28667;3.463631;3.395763;0.06738281; ; ;75.02879;86.49019;164.604;2019/08/07 14:35:32;C
 ;12;15;51;M;R;R;no;R;44;7.2;40;21.6;Center;S;N;No;SN; ; ; ;133;True;1; ;116.1299;116.1973;0.4375;98.52122;73.89091;101.5038;74.66061;2.982567;0.7696991;101.6962;74.85303;3.174995;0.9621201;0.06738281; ; ;73.23191;85.54989;162.6174;2019/08/07 14:35:33;C
 ;12;15;51;M;R;R;no;R;44;7.2;40.00001;21.6;Goal;S;N;No;SN; ; ; ;134;True;1; ;116.4658;116.5332;0.3359375;98.52122;113.8909;101.5038;115.5508;2.982567;1.659843;101.5038;115.4545;2.982567;1.563629;0.06738281; ; ;74.2084;86.23833;163.7436;2019/08/07 14:35:33;C
 ;12;15;51;M;R;R;no;R;45;7.2;-1;21.6;Outset;N;W;No;NW; ; ; ;135;True;1; ;118.0801;118.1807;1.614258;98.52122;113.8909;99.48334;119.4297;0.9621201;5.538811;99.48334;118.822;0.9621201;4.931061;0.1005859; ; ;75.85708;87.95304;165.7036;2019/08/07 14:35:35;C
 ;12;15;51;M;R;R;no;R;45;7.2;40.00001;21.6;Center;N;W;No;NW; ; ; ;136;True;1; ;118.4834;118.584;0.4033203;98.52122;73.89091;101.5038;74.30843;2.982567;0.4175186;100.4455;74.17954;1.92424;0.2886353;0.1005859; ; ;76.34863;87.96686;166.1922;2019/08/07 14:35:35;C
 ;12;15;51;M;R;R;no;R;45;7.2;40.00001;21.6;Goal;N;W;No;NW; ; ; ;137;True;1; ;118.752;118.8193;0.2685547;58.52121;73.89091;61.0947;76.58485;2.573486;2.693939;60.22878;76.00758;1.707573;2.116669;0.06738281; ; ;73.98595;85.1611;163.2329;2019/08/07 14:35:35;C
 ;12;15;51;M;R;R;no;R;46;7.2;-1;21.6;Outset;N;W;No;NW; ; ; ;138;True;1; ;120.3994;120.4658;1.647461;98.52122;113.8909;100.253;110.9301;1.731812;-2.96077;100.253;110.8364;1.731812;-3.05455;0.06640625; ; ;74.66425;87.66331;164.4785;2019/08/07 14:35:37;C
 ;12;15;51;M;R;R;no;R;46;7.2;40.00001;21.6;Center;N;W;No;NW; ; ; ;139;True;1; ;120.7354;120.8027;0.3359375;98.52122;73.89091;102.947;76.68106;4.425758;2.790154;102.2735;76.58485;3.752266;2.693939;0.06738281; ; ;74.84818;87.57115;164.6455;2019/08/07 14:35:37;C
 ;12;15;51;M;R;R;no;R;46;7.2;40.00001;21.6;Goal;N;W;No;NW; ; ; ;140;True;1; ;121.0381;121.1055;0.3027344;58.52121;73.89091;57.53485;76.58485;-0.9863625;2.693939;57.34242;76.2;-1.178787;2.30909;0.06738281; ; ;72.85972;83.7556;161.6909;2019/08/07 14:35:37;C
 ;12;15;51;M;R;R;no;R;47;7.2;-1;21.6;Outset;E;S;No;ES; ; ; ;141;True;1; ;122.6523;122.7188;1.614258;138.5212;73.89091;140.8545;72.83257;2.333328;-1.058334;140.5659;72.83257;2.044693;-1.058334;0.06640625; ; ;76.31519;85.72858;165.6392;2019/08/07 14:35:39;C
 ;12;15;51;M;R;R;no;R;47;7.2;39.99999;21.6;Center;E;S;No;ES; ; ; ;142;True;1; ;122.9541;123.0215;0.3017578;98.52122;73.89091;95.53864;76.87349;-2.982582;2.982582;95.53864;76.39243;-2.982582;2.501518;0.06738281; ; ;75.23019;85.38601;164.4947;2019/08/07 14:35:39;C
 ;12;15;51;M;R;R;no;R;47;7.2;40;21.6;Goal;E;S;No;ES; ; ; ;143;True;1; ;123.3584;123.3926;0.4042969;98.52122;33.89091;100.0606;34.05909;1.539391;0.1681824;100.0606;34.05909;1.539391;0.1681824;0.03417969; ; ;75.46915;84.30228;164.3459;2019/08/07 14:35:40;C
